,hash,addr,value,time,direction
0,69710a087fa3dae2b4caceaeac73b186962530d48aded8f7c6f3dc41f6e21344,3M85gLA3s1JDnQCBPeTxSPcPAG16zdzY5S,30593746,2019-09-16 18:06:17,outbound
1,69710a087fa3dae2b4caceaeac73b186962530d48aded8f7c6f3dc41f6e21344,3M85gLA3s1JDnQCBPeTxSPcPAG16zdzY5S,30593746,2019-09-16 18:06:17,outbound
2,69710a087fa3dae2b4caceaeac73b186962530d48aded8f7c6f3dc41f6e21344,bc1qrd2ektkxnyher3407u74cqqadl8zghs8trfdxs,13353567,2019-09-16 18:06:17,outbound
3,69710a087fa3dae2b4caceaeac73b186962530d48aded8f7c6f3dc41f6e21344,bc1qrd2ektkxnyher3407u74cqqadl8zghs8trfdxs,13353567,2019-09-16 18:06:17,outbound
4,82bfe7cb266909b1a743f2ac67f0f391406ca0bc6ad208e450905e43a5083cfb,bc1qummlqtc2prm8e50vltyc2uxvfl9v0g242kje23,606900,2019-09-07 00:34:07,inbound
5,82bfe7cb266909b1a743f2ac67f0f391406ca0bc6ad208e450905e43a5083cfb,bc1qummlqtc2prm8e50vltyc2uxvfl9v0g242kje23,606900,2019-09-07 00:34:07,inbound
6,82bfe7cb266909b1a743f2ac67f0f391406ca0bc6ad208e450905e43a5083cfb,1L7WW9sR793TYKRLZGduw7geVcHoCoBrJe,2000000,2019-09-07 00:34:07,inbound
7,82bfe7cb266909b1a743f2ac67f0f391406ca0bc6ad208e450905e43a5083cfb,1L7WW9sR793TYKRLZGduw7geVcHoCoBrJe,2000000,2019-09-07 00:34:07,inbound
8,7b81c9bd01a1c0e1c0b2b4d8c86e005f41f9dc2469090b60a9c11d394f13dbf7,33U3aMxwgpZX37XEuq2NTHXHkVWGzSGKSi,30000000,2019-09-04 16:02:38,outbound
9,7b81c9bd01a1c0e1c0b2b4d8c86e005f41f9dc2469090b60a9c11d394f13dbf7,33U3aMxwgpZX37XEuq2NTHXHkVWGzSGKSi,30000000,2019-09-04 16:02:38,outbound
10,7b81c9bd01a1c0e1c0b2b4d8c86e005f41f9dc2469090b60a9c11d394f13dbf7,bc1q4ays9zfcuszn07cusdry4852v4954hmxr02zcz,929033,2019-09-04 16:02:38,outbound
11,7b81c9bd01a1c0e1c0b2b4d8c86e005f41f9dc2469090b60a9c11d394f13dbf7,bc1q4ays9zfcuszn07cusdry4852v4954hmxr02zcz,929033,2019-09-04 16:02:38,outbound
12,7778c63e78d0fa1fd2a04f81f8d59034d73ee83c1269d249305033359238ebc9,bc1qwpytpv7tvjgx5dacmpwgvke9kgkl24m85phmjw,1981300,2019-09-04 09:45:20,outbound
13,7778c63e78d0fa1fd2a04f81f8d59034d73ee83c1269d249305033359238ebc9,bc1qwpytpv7tvjgx5dacmpwgvke9kgkl24m85phmjw,1981300,2019-09-04 09:45:20,outbound
14,7778c63e78d0fa1fd2a04f81f8d59034d73ee83c1269d249305033359238ebc9,1M7E7VreSjNoArStqRDxomoev2guK6pNAz,2000000,2019-09-04 09:45:20,outbound
15,7778c63e78d0fa1fd2a04f81f8d59034d73ee83c1269d249305033359238ebc9,1M7E7VreSjNoArStqRDxomoev2guK6pNAz,2000000,2019-09-04 09:45:20,outbound
16,c252d2e57b2b790178081b2c50d4d8d4e002f753c4dfae0fbbf9e65ec839e7c2,bc1q9h479h8na0v76r6uz7qtheql5rpnjmy4qy9fl7,1981300,2019-09-04 07:09:41,outbound
17,c252d2e57b2b790178081b2c50d4d8d4e002f753c4dfae0fbbf9e65ec839e7c2,bc1q9h479h8na0v76r6uz7qtheql5rpnjmy4qy9fl7,1981300,2019-09-04 07:09:41,outbound
18,c252d2e57b2b790178081b2c50d4d8d4e002f753c4dfae0fbbf9e65ec839e7c2,169MPs3DnGjJCTb3iKY2DeyRsC2WhQr9Ju,2000000,2019-09-04 07:09:41,outbound
19,c252d2e57b2b790178081b2c50d4d8d4e002f753c4dfae0fbbf9e65ec839e7c2,169MPs3DnGjJCTb3iKY2DeyRsC2WhQr9Ju,2000000,2019-09-04 07:09:41,outbound
20,018e7c23261f4b038d1bae757aed74c82e00197719fd891e87621c3fc29622ac,bc1qwwn6pzcwxajtvjftdr87k2pdtnkt08ghm48p08,1983967,2019-09-04 06:47:16,outbound
21,018e7c23261f4b038d1bae757aed74c82e00197719fd891e87621c3fc29622ac,bc1qwwn6pzcwxajtvjftdr87k2pdtnkt08ghm48p08,1983967,2019-09-04 06:47:16,outbound
22,018e7c23261f4b038d1bae757aed74c82e00197719fd891e87621c3fc29622ac,12r7hybWd1v4rak6TYtogVtWAxHZUh65y1,2000000,2019-09-04 06:47:16,outbound
23,018e7c23261f4b038d1bae757aed74c82e00197719fd891e87621c3fc29622ac,12r7hybWd1v4rak6TYtogVtWAxHZUh65y1,2000000,2019-09-04 06:47:16,outbound
24,64fb7cac8598bf959cd0d1b8f5f65882aefe6181d92aa8db6835424ad4d2c701,3CBxKavHsrf1j11X6ZZCKCiFuKRDY6qvFY,2000000,2019-09-04 06:47:16,outbound
25,64fb7cac8598bf959cd0d1b8f5f65882aefe6181d92aa8db6835424ad4d2c701,3CBxKavHsrf1j11X6ZZCKCiFuKRDY6qvFY,2000000,2019-09-04 06:47:16,outbound
26,64fb7cac8598bf959cd0d1b8f5f65882aefe6181d92aa8db6835424ad4d2c701,bc1qnggvjg577sw3w0c6843e30njpn8fnj42npm69n,1981400,2019-09-04 06:47:16,outbound
27,64fb7cac8598bf959cd0d1b8f5f65882aefe6181d92aa8db6835424ad4d2c701,bc1qnggvjg577sw3w0c6843e30njpn8fnj42npm69n,1981400,2019-09-04 06:47:16,outbound
28,7f486e707bf263452ff67de4b42fb672edcf8bbf20e899b09eef11c34db100a1,13VwcjsHUHoJRr9ZyUhe8AtupbE4ZksvAB,95997,2019-09-03 10:59:05,inbound
29,7f486e707bf263452ff67de4b42fb672edcf8bbf20e899b09eef11c34db100a1,13VwcjsHUHoJRr9ZyUhe8AtupbE4ZksvAB,95997,2019-09-03 10:59:05,inbound
30,7f486e707bf263452ff67de4b42fb672edcf8bbf20e899b09eef11c34db100a1,1L7WW9sR793TYKRLZGduw7geVcHoCoBrJe,2000000,2019-09-03 10:59:05,inbound
31,7f486e707bf263452ff67de4b42fb672edcf8bbf20e899b09eef11c34db100a1,1L7WW9sR793TYKRLZGduw7geVcHoCoBrJe,2000000,2019-09-03 10:59:05,inbound
32,b6f9677c834dec583d6209cfcc45414d55405e2e0ee3eeeb351b784c8ac5ac6d,1L7WW9sR793TYKRLZGduw7geVcHoCoBrJe,2000000,2019-09-03 00:06:14,inbound
33,b6f9677c834dec583d6209cfcc45414d55405e2e0ee3eeeb351b784c8ac5ac6d,1L7WW9sR793TYKRLZGduw7geVcHoCoBrJe,2000000,2019-09-03 00:06:14,inbound
34,b6f9677c834dec583d6209cfcc45414d55405e2e0ee3eeeb351b784c8ac5ac6d,bc1qghcct0smdnmshmq04fqcvgp7zlmrym9h25w9p7,7996944,2019-09-03 00:06:14,inbound
35,b6f9677c834dec583d6209cfcc45414d55405e2e0ee3eeeb351b784c8ac5ac6d,bc1qghcct0smdnmshmq04fqcvgp7zlmrym9h25w9p7,7996944,2019-09-03 00:06:14,inbound
36,3a7f97f86491b3a445941009d8721418039955fce2e3e8bf56aa979b71e70698,bc1qwyq8y8td07y7wxwhjrg7gd337gss476g7jpgtd,1981300,2019-09-02 17:34:41,outbound
37,3a7f97f86491b3a445941009d8721418039955fce2e3e8bf56aa979b71e70698,bc1qwyq8y8td07y7wxwhjrg7gd337gss476g7jpgtd,1981300,2019-09-02 17:34:41,outbound
38,3a7f97f86491b3a445941009d8721418039955fce2e3e8bf56aa979b71e70698,13cSWNvDtn53XSnTRMbt4LWCp4Q8UA3F3k,2000000,2019-09-02 17:34:41,outbound
39,3a7f97f86491b3a445941009d8721418039955fce2e3e8bf56aa979b71e70698,13cSWNvDtn53XSnTRMbt4LWCp4Q8UA3F3k,2000000,2019-09-02 17:34:41,outbound
40,7fea91291a563a8ba59e48f1ce245b09df25f1c558d28a2bfefe644e0a818ff2,bc1qglalm7hjgggs3v2m7ljtzzmdvu8rwumfkm6qwj,2060692,2019-09-02 14:16:01,outbound
41,7fea91291a563a8ba59e48f1ce245b09df25f1c558d28a2bfefe644e0a818ff2,bc1qglalm7hjgggs3v2m7ljtzzmdvu8rwumfkm6qwj,2060692,2019-09-02 14:16:01,outbound
42,7fea91291a563a8ba59e48f1ce245b09df25f1c558d28a2bfefe644e0a818ff2,3BMEXVuC67gMncz62ytgd6PX425os1XgBN,2000000,2019-09-02 14:16:01,outbound
43,7fea91291a563a8ba59e48f1ce245b09df25f1c558d28a2bfefe644e0a818ff2,3BMEXVuC67gMncz62ytgd6PX425os1XgBN,2000000,2019-09-02 14:16:01,outbound
44,925423e7a51c54743d9b3a8df91b1bc803f8c2bc3f8a754c9cbb0df80956aa05,18Gw7zvEC48ZiL6rN8umMbmiPwswLyHmeQ,2000000,2019-09-02 13:52:05,outbound
45,925423e7a51c54743d9b3a8df91b1bc803f8c2bc3f8a754c9cbb0df80956aa05,18Gw7zvEC48ZiL6rN8umMbmiPwswLyHmeQ,2000000,2019-09-02 13:52:05,outbound
46,925423e7a51c54743d9b3a8df91b1bc803f8c2bc3f8a754c9cbb0df80956aa05,bc1qrx5cn80ygy540dnmpwps225hg73fkg52lhz4ze,1981300,2019-09-02 13:52:05,outbound
47,925423e7a51c54743d9b3a8df91b1bc803f8c2bc3f8a754c9cbb0df80956aa05,bc1qrx5cn80ygy540dnmpwps225hg73fkg52lhz4ze,1981300,2019-09-02 13:52:05,outbound
48,b7451cde16c6021beaabf06ae2506356f38433bffe6fed2bfeecf45ca12c7f11,181VetSh6fhKZzi6xY4yiss5Jdfswd16hx,2000000,2019-09-02 13:52:05,outbound
49,b7451cde16c6021beaabf06ae2506356f38433bffe6fed2bfeecf45ca12c7f11,181VetSh6fhKZzi6xY4yiss5Jdfswd16hx,2000000,2019-09-02 13:52:05,outbound
50,b7451cde16c6021beaabf06ae2506356f38433bffe6fed2bfeecf45ca12c7f11,bc1qkvrhq9nl0crjp5dh3dkwg3drkhra6cfqgzxgh2,1981300,2019-09-02 13:52:05,outbound
51,b7451cde16c6021beaabf06ae2506356f38433bffe6fed2bfeecf45ca12c7f11,bc1qkvrhq9nl0crjp5dh3dkwg3drkhra6cfqgzxgh2,1981300,2019-09-02 13:52:05,outbound
52,13702d1902228b858edc4d4f55e3e5df54270f170322ead5eca296b3aa1e0d72,bc1qjgqnwu3qa90xz035yn4n04k8ml527utp4qx3px,2000000,2019-09-02 13:52:05,outbound
53,13702d1902228b858edc4d4f55e3e5df54270f170322ead5eca296b3aa1e0d72,bc1qjgqnwu3qa90xz035yn4n04k8ml527utp4qx3px,2000000,2019-09-02 13:52:05,outbound
54,13702d1902228b858edc4d4f55e3e5df54270f170322ead5eca296b3aa1e0d72,bc1qlmsnrt94ncwedu6zxglehejw0khf2tzl23ldt6,1981400,2019-09-02 13:52:05,outbound
55,13702d1902228b858edc4d4f55e3e5df54270f170322ead5eca296b3aa1e0d72,bc1qlmsnrt94ncwedu6zxglehejw0khf2tzl23ldt6,1981400,2019-09-02 13:52:05,outbound
56,5f9c522298746cdf9967ed7b32617ffd293e5962410a1ba4225b26ef54d9e538,bc1qe2ze3t4kh9danw790pyv6j462rtxrn4ur54x3s,2000000,2019-09-02 13:52:05,outbound
57,5f9c522298746cdf9967ed7b32617ffd293e5962410a1ba4225b26ef54d9e538,bc1qe2ze3t4kh9danw790pyv6j462rtxrn4ur54x3s,2000000,2019-09-02 13:52:05,outbound
58,5f9c522298746cdf9967ed7b32617ffd293e5962410a1ba4225b26ef54d9e538,bc1qdp6vfh0r52wsc0a57e8duepcrtepwrpwdz9c37,1981400,2019-09-02 13:52:05,outbound
59,5f9c522298746cdf9967ed7b32617ffd293e5962410a1ba4225b26ef54d9e538,bc1qdp6vfh0r52wsc0a57e8duepcrtepwrpwdz9c37,1981400,2019-09-02 13:52:05,outbound
60,77a6175bf7d4876e8e90f7f77b5111ba01f9219f9d6a6f5667ad3775bddfc4d4,1L7WW9sR793TYKRLZGduw7geVcHoCoBrJe,2001365,2019-09-02 13:36:41,inbound
61,77a6175bf7d4876e8e90f7f77b5111ba01f9219f9d6a6f5667ad3775bddfc4d4,1L7WW9sR793TYKRLZGduw7geVcHoCoBrJe,2001365,2019-09-02 13:36:41,inbound
62,77a6175bf7d4876e8e90f7f77b5111ba01f9219f9d6a6f5667ad3775bddfc4d4,bc1qxzu4h6r4rwwnw7v74h6qfyesssj9c66fncn6mk,1461459360,2019-09-02 13:36:41,inbound
63,77a6175bf7d4876e8e90f7f77b5111ba01f9219f9d6a6f5667ad3775bddfc4d4,bc1qxzu4h6r4rwwnw7v74h6qfyesssj9c66fncn6mk,1461459360,2019-09-02 13:36:41,inbound
64,0eb54e10c9279cb1d21b8daedb0aa8d1491102c64b746d499835043eb385f21d,1L7WW9sR793TYKRLZGduw7geVcHoCoBrJe,2000000,2019-09-02 06:17:35,inbound
65,0eb54e10c9279cb1d21b8daedb0aa8d1491102c64b746d499835043eb385f21d,1L7WW9sR793TYKRLZGduw7geVcHoCoBrJe,2000000,2019-09-02 06:17:35,inbound
66,0eb54e10c9279cb1d21b8daedb0aa8d1491102c64b746d499835043eb385f21d,17tdY3m7aHBJaRyi5KivsrtW9cQvomDzQ1,6460654,2019-09-02 06:17:35,inbound
67,0eb54e10c9279cb1d21b8daedb0aa8d1491102c64b746d499835043eb385f21d,17tdY3m7aHBJaRyi5KivsrtW9cQvomDzQ1,6460654,2019-09-02 06:17:35,inbound
68,d1a54c2a151415d65584017995b9a47cd567f1485fea5de58ff5c1daf74301ab,1L7WW9sR793TYKRLZGduw7geVcHoCoBrJe,2000000,2019-09-02 05:05:21,inbound
69,d1a54c2a151415d65584017995b9a47cd567f1485fea5de58ff5c1daf74301ab,1L7WW9sR793TYKRLZGduw7geVcHoCoBrJe,2000000,2019-09-02 05:05:21,inbound
70,d1a54c2a151415d65584017995b9a47cd567f1485fea5de58ff5c1daf74301ab,1Jk3G5ZvWmJMYHHndrDhUKDycwTUXno9qP,7463264,2019-09-02 05:05:21,inbound
71,d1a54c2a151415d65584017995b9a47cd567f1485fea5de58ff5c1daf74301ab,1Jk3G5ZvWmJMYHHndrDhUKDycwTUXno9qP,7463264,2019-09-02 05:05:21,inbound
72,fe7e570439b7f17676cb7936bd22b9022c3ad37fde1a896c01953e8a64386169,1L7WW9sR793TYKRLZGduw7geVcHoCoBrJe,2000000,2019-09-01 21:37:55,inbound
73,fe7e570439b7f17676cb7936bd22b9022c3ad37fde1a896c01953e8a64386169,1L7WW9sR793TYKRLZGduw7geVcHoCoBrJe,2000000,2019-09-01 21:37:55,inbound
74,fe7e570439b7f17676cb7936bd22b9022c3ad37fde1a896c01953e8a64386169,355S69oCDjzysp4r5ACWjntGpAz1pqY1eN,4213979,2019-09-01 21:37:55,inbound
75,fe7e570439b7f17676cb7936bd22b9022c3ad37fde1a896c01953e8a64386169,355S69oCDjzysp4r5ACWjntGpAz1pqY1eN,4213979,2019-09-01 21:37:55,inbound
76,fe7e570439b7f17676cb7936bd22b9022c3ad37fde1a896c01953e8a64386169,bc1quq29mutxkgxmjfdr7ayj3zd9ad0ld5mrhh89l2,1359937,2019-09-01 21:37:55,inbound
77,fe7e570439b7f17676cb7936bd22b9022c3ad37fde1a896c01953e8a64386169,bc1quq29mutxkgxmjfdr7ayj3zd9ad0ld5mrhh89l2,1359937,2019-09-01 21:37:55,inbound
78,26427be9df4955f0243a6205f3295e96d49fc4fca55f848a3bf71e0211b4d1ea,1L7WW9sR793TYKRLZGduw7geVcHoCoBrJe,2002667,2019-09-01 20:32:58,inbound
79,26427be9df4955f0243a6205f3295e96d49fc4fca55f848a3bf71e0211b4d1ea,1L7WW9sR793TYKRLZGduw7geVcHoCoBrJe,2002667,2019-09-01 20:32:58,inbound
80,26427be9df4955f0243a6205f3295e96d49fc4fca55f848a3bf71e0211b4d1ea,bc1qcc0gmual3w6595lkhq2s3uh0zncnfr8sgsp6mw,23477,2019-09-01 20:32:58,inbound
81,26427be9df4955f0243a6205f3295e96d49fc4fca55f848a3bf71e0211b4d1ea,bc1qcc0gmual3w6595lkhq2s3uh0zncnfr8sgsp6mw,23477,2019-09-01 20:32:58,inbound
82,454da81d3dad4af2146a1766724a9c15d1719592adc23edc303b77bc14917b61,1L7WW9sR793TYKRLZGduw7geVcHoCoBrJe,2000000,2019-09-01 20:32:58,inbound
83,454da81d3dad4af2146a1766724a9c15d1719592adc23edc303b77bc14917b61,1L7WW9sR793TYKRLZGduw7geVcHoCoBrJe,2000000,2019-09-01 20:32:58,inbound
84,454da81d3dad4af2146a1766724a9c15d1719592adc23edc303b77bc14917b61,1Eybo8dqt2nEWyu3DMbxsCFESmsCi9CMvN,103457,2019-09-01 20:32:58,inbound
85,454da81d3dad4af2146a1766724a9c15d1719592adc23edc303b77bc14917b61,1Eybo8dqt2nEWyu3DMbxsCFESmsCi9CMvN,103457,2019-09-01 20:32:58,inbound
86,f7ae59a59f3703b921ff720826c0756103cbf68d1efcce1377521b0f3138df27,1L7WW9sR793TYKRLZGduw7geVcHoCoBrJe,2000000,2019-09-01 20:16:20,inbound
87,f7ae59a59f3703b921ff720826c0756103cbf68d1efcce1377521b0f3138df27,1L7WW9sR793TYKRLZGduw7geVcHoCoBrJe,2000000,2019-09-01 20:16:20,inbound
88,f7ae59a59f3703b921ff720826c0756103cbf68d1efcce1377521b0f3138df27,bc1q86vxhx96tdce0taxnwn3p3aceps29mpt9l4fv9,16600,2019-09-01 20:16:20,inbound
89,f7ae59a59f3703b921ff720826c0756103cbf68d1efcce1377521b0f3138df27,bc1q86vxhx96tdce0taxnwn3p3aceps29mpt9l4fv9,16600,2019-09-01 20:16:20,inbound
90,017d22009e4c6b219a64bc64f9a1ebd9a8ccd16a6871079c3ad2c1d178f565b0,1L7WW9sR793TYKRLZGduw7geVcHoCoBrJe,2000000,2019-09-01 20:16:20,inbound
91,017d22009e4c6b219a64bc64f9a1ebd9a8ccd16a6871079c3ad2c1d178f565b0,1L7WW9sR793TYKRLZGduw7geVcHoCoBrJe,2000000,2019-09-01 20:16:20,inbound
92,017d22009e4c6b219a64bc64f9a1ebd9a8ccd16a6871079c3ad2c1d178f565b0,bc1qjgqnwu3qa90xz035yn4n04k8ml527utp4qx3px,206846,2019-09-01 20:16:20,inbound
93,017d22009e4c6b219a64bc64f9a1ebd9a8ccd16a6871079c3ad2c1d178f565b0,bc1qjgqnwu3qa90xz035yn4n04k8ml527utp4qx3px,206846,2019-09-01 20:16:20,inbound
94,20bb23f1ff263581d46b127859b549957a299ede1760ebc9468cb3fea03a0cfe,3N3sCvnHDtjrFZBUMzoRyFqZiuBWkBhaBo,300000,2019-09-01 19:32:56,inbound
95,20bb23f1ff263581d46b127859b549957a299ede1760ebc9468cb3fea03a0cfe,3N3sCvnHDtjrFZBUMzoRyFqZiuBWkBhaBo,300000,2019-09-01 19:32:56,inbound
96,20bb23f1ff263581d46b127859b549957a299ede1760ebc9468cb3fea03a0cfe,3GDKhTnsMJbaQzpwvCmsGGkqHFTaaVmk1T,4476315,2019-09-01 19:32:56,inbound
97,20bb23f1ff263581d46b127859b549957a299ede1760ebc9468cb3fea03a0cfe,3GDKhTnsMJbaQzpwvCmsGGkqHFTaaVmk1T,4476315,2019-09-01 19:32:56,inbound
98,20bb23f1ff263581d46b127859b549957a299ede1760ebc9468cb3fea03a0cfe,3CyW38C8XfiW9rX5WiUH76zjsP1GBuREfU,383000,2019-09-01 19:32:56,inbound
99,20bb23f1ff263581d46b127859b549957a299ede1760ebc9468cb3fea03a0cfe,3CyW38C8XfiW9rX5WiUH76zjsP1GBuREfU,383000,2019-09-01 19:32:56,inbound
100,20bb23f1ff263581d46b127859b549957a299ede1760ebc9468cb3fea03a0cfe,3EKqHoynCSCDLWXGfjc4Gd4Ufa6WiNqmsh,499950000,2019-09-01 19:32:56,inbound
101,20bb23f1ff263581d46b127859b549957a299ede1760ebc9468cb3fea03a0cfe,3EKqHoynCSCDLWXGfjc4Gd4Ufa6WiNqmsh,499950000,2019-09-01 19:32:56,inbound
102,20bb23f1ff263581d46b127859b549957a299ede1760ebc9468cb3fea03a0cfe,3BMEXvG1CapBPqFwnN2FH5SqaWhYgupmT8,939031,2019-09-01 19:32:56,inbound
103,20bb23f1ff263581d46b127859b549957a299ede1760ebc9468cb3fea03a0cfe,3BMEXvG1CapBPqFwnN2FH5SqaWhYgupmT8,939031,2019-09-01 19:32:56,inbound
104,20bb23f1ff263581d46b127859b549957a299ede1760ebc9468cb3fea03a0cfe,354LQz9U9uyPi5N5xwXEZJNLY85DDKZy5w,1648300,2019-09-01 19:32:56,inbound
105,20bb23f1ff263581d46b127859b549957a299ede1760ebc9468cb3fea03a0cfe,354LQz9U9uyPi5N5xwXEZJNLY85DDKZy5w,1648300,2019-09-01 19:32:56,inbound
106,20bb23f1ff263581d46b127859b549957a299ede1760ebc9468cb3fea03a0cfe,bc1qx3zn2k6s6whvlsrlsn85qaslya8jltgzdm4jw2,1700000,2019-09-01 19:32:56,inbound
107,20bb23f1ff263581d46b127859b549957a299ede1760ebc9468cb3fea03a0cfe,bc1qx3zn2k6s6whvlsrlsn85qaslya8jltgzdm4jw2,1700000,2019-09-01 19:32:56,inbound
108,20bb23f1ff263581d46b127859b549957a299ede1760ebc9468cb3fea03a0cfe,34bBPy9J6u3dVhNCFgZAQ2HoeunNtcVUur,348608,2019-09-01 19:32:56,inbound
109,20bb23f1ff263581d46b127859b549957a299ede1760ebc9468cb3fea03a0cfe,34bBPy9J6u3dVhNCFgZAQ2HoeunNtcVUur,348608,2019-09-01 19:32:56,inbound
110,20bb23f1ff263581d46b127859b549957a299ede1760ebc9468cb3fea03a0cfe,1Edn6hokScCbfZsNstpN1Nu6atg9W8pVPU,4653751,2019-09-01 19:32:56,inbound
111,20bb23f1ff263581d46b127859b549957a299ede1760ebc9468cb3fea03a0cfe,1Edn6hokScCbfZsNstpN1Nu6atg9W8pVPU,4653751,2019-09-01 19:32:56,inbound
112,20bb23f1ff263581d46b127859b549957a299ede1760ebc9468cb3fea03a0cfe,13464aDPLb1L2H3HQh5vWtMe5rNBKcAt84,2556603,2019-09-01 19:32:56,inbound
113,20bb23f1ff263581d46b127859b549957a299ede1760ebc9468cb3fea03a0cfe,13464aDPLb1L2H3HQh5vWtMe5rNBKcAt84,2556603,2019-09-01 19:32:56,inbound
114,20bb23f1ff263581d46b127859b549957a299ede1760ebc9468cb3fea03a0cfe,19KF15nH5RNtcxLFiQh5JTr2RmiwdeWEVe,9950077,2019-09-01 19:32:56,inbound
115,20bb23f1ff263581d46b127859b549957a299ede1760ebc9468cb3fea03a0cfe,19KF15nH5RNtcxLFiQh5JTr2RmiwdeWEVe,9950077,2019-09-01 19:32:56,inbound
116,20bb23f1ff263581d46b127859b549957a299ede1760ebc9468cb3fea03a0cfe,3NgnFJk1Y7wnwAhJXtkf7FcqPdM4qGzhaf,207000,2019-09-01 19:32:56,inbound
117,20bb23f1ff263581d46b127859b549957a299ede1760ebc9468cb3fea03a0cfe,3NgnFJk1Y7wnwAhJXtkf7FcqPdM4qGzhaf,207000,2019-09-01 19:32:56,inbound
118,20bb23f1ff263581d46b127859b549957a299ede1760ebc9468cb3fea03a0cfe,1Gk6NrMG4mbPvFbVz9Tv6kNMe6v5Zw7iid,4240000,2019-09-01 19:32:56,inbound
119,20bb23f1ff263581d46b127859b549957a299ede1760ebc9468cb3fea03a0cfe,1Gk6NrMG4mbPvFbVz9Tv6kNMe6v5Zw7iid,4240000,2019-09-01 19:32:56,inbound
120,20bb23f1ff263581d46b127859b549957a299ede1760ebc9468cb3fea03a0cfe,3JUHaVWuywVEsnHKGxdegEPYJE6uKj98Lj,4655457,2019-09-01 19:32:56,inbound
121,20bb23f1ff263581d46b127859b549957a299ede1760ebc9468cb3fea03a0cfe,3JUHaVWuywVEsnHKGxdegEPYJE6uKj98Lj,4655457,2019-09-01 19:32:56,inbound
122,20bb23f1ff263581d46b127859b549957a299ede1760ebc9468cb3fea03a0cfe,1jmj7wox5MaF6C4iPSytNPkCKV82RTq25,3058026,2019-09-01 19:32:56,inbound
123,20bb23f1ff263581d46b127859b549957a299ede1760ebc9468cb3fea03a0cfe,1jmj7wox5MaF6C4iPSytNPkCKV82RTq25,3058026,2019-09-01 19:32:56,inbound
124,20bb23f1ff263581d46b127859b549957a299ede1760ebc9468cb3fea03a0cfe,1EbPEMfJLo8Ax8744ver2dH2Beyr4m5xM9,7954542,2019-09-01 19:32:56,inbound
125,20bb23f1ff263581d46b127859b549957a299ede1760ebc9468cb3fea03a0cfe,1EbPEMfJLo8Ax8744ver2dH2Beyr4m5xM9,7954542,2019-09-01 19:32:56,inbound
126,20bb23f1ff263581d46b127859b549957a299ede1760ebc9468cb3fea03a0cfe,1LivkgfdUuBF1ecLvJmdEx6jF4fyuD59QU,10000000,2019-09-01 19:32:56,inbound
127,20bb23f1ff263581d46b127859b549957a299ede1760ebc9468cb3fea03a0cfe,1LivkgfdUuBF1ecLvJmdEx6jF4fyuD59QU,10000000,2019-09-01 19:32:56,inbound
128,20bb23f1ff263581d46b127859b549957a299ede1760ebc9468cb3fea03a0cfe,3HY6k3KYjWymBNW7Fm3BwPWG7gKUN5wyeq,6440832,2019-09-01 19:32:56,inbound
129,20bb23f1ff263581d46b127859b549957a299ede1760ebc9468cb3fea03a0cfe,3HY6k3KYjWymBNW7Fm3BwPWG7gKUN5wyeq,6440832,2019-09-01 19:32:56,inbound
130,20bb23f1ff263581d46b127859b549957a299ede1760ebc9468cb3fea03a0cfe,16caPiojLdVC1UoveBBji1afjEuq65pTPs,10000300,2019-09-01 19:32:56,inbound
131,20bb23f1ff263581d46b127859b549957a299ede1760ebc9468cb3fea03a0cfe,16caPiojLdVC1UoveBBji1afjEuq65pTPs,10000300,2019-09-01 19:32:56,inbound
132,20bb23f1ff263581d46b127859b549957a299ede1760ebc9468cb3fea03a0cfe,3DmMJNWyvBJQ92vb29PUdzRWTwJ4GGYYpN,501243545,2019-09-01 19:32:56,inbound
133,20bb23f1ff263581d46b127859b549957a299ede1760ebc9468cb3fea03a0cfe,3DmMJNWyvBJQ92vb29PUdzRWTwJ4GGYYpN,501243545,2019-09-01 19:32:56,inbound
134,20bb23f1ff263581d46b127859b549957a299ede1760ebc9468cb3fea03a0cfe,3KtvPbjxinNtWEnBbSvdvn1zzBBXobpL4A,5659211,2019-09-01 19:32:56,inbound
135,20bb23f1ff263581d46b127859b549957a299ede1760ebc9468cb3fea03a0cfe,3KtvPbjxinNtWEnBbSvdvn1zzBBXobpL4A,5659211,2019-09-01 19:32:56,inbound
136,20bb23f1ff263581d46b127859b549957a299ede1760ebc9468cb3fea03a0cfe,1D6imgojcAHcCUfsQNxuTBamfRvkpt8pP2,1000000,2019-09-01 19:32:56,inbound
137,20bb23f1ff263581d46b127859b549957a299ede1760ebc9468cb3fea03a0cfe,1D6imgojcAHcCUfsQNxuTBamfRvkpt8pP2,1000000,2019-09-01 19:32:56,inbound
138,20bb23f1ff263581d46b127859b549957a299ede1760ebc9468cb3fea03a0cfe,1CsA9V18qRujBP4i6Uz4zzVmjncGoQbYsp,3950000,2019-09-01 19:32:56,inbound
139,20bb23f1ff263581d46b127859b549957a299ede1760ebc9468cb3fea03a0cfe,1CsA9V18qRujBP4i6Uz4zzVmjncGoQbYsp,3950000,2019-09-01 19:32:56,inbound
140,20bb23f1ff263581d46b127859b549957a299ede1760ebc9468cb3fea03a0cfe,34zUgmdLeL658ckjzYR3jwzViPEUVcMkpt,43919374,2019-09-01 19:32:56,inbound
141,20bb23f1ff263581d46b127859b549957a299ede1760ebc9468cb3fea03a0cfe,34zUgmdLeL658ckjzYR3jwzViPEUVcMkpt,43919374,2019-09-01 19:32:56,inbound
142,20bb23f1ff263581d46b127859b549957a299ede1760ebc9468cb3fea03a0cfe,3FuEppCn8My9UeFj7FMpeA4JuoTioeUPjF,21000000,2019-09-01 19:32:56,inbound
143,20bb23f1ff263581d46b127859b549957a299ede1760ebc9468cb3fea03a0cfe,3FuEppCn8My9UeFj7FMpeA4JuoTioeUPjF,21000000,2019-09-01 19:32:56,inbound
144,20bb23f1ff263581d46b127859b549957a299ede1760ebc9468cb3fea03a0cfe,12LYnoNpeNFVabygv4o7kj5Yp3zP3gvyq9,992328,2019-09-01 19:32:56,inbound
145,20bb23f1ff263581d46b127859b549957a299ede1760ebc9468cb3fea03a0cfe,12LYnoNpeNFVabygv4o7kj5Yp3zP3gvyq9,992328,2019-09-01 19:32:56,inbound
146,20bb23f1ff263581d46b127859b549957a299ede1760ebc9468cb3fea03a0cfe,36WmDJZDNmuj9kd856YvW7Fk4Ue6vJXbuo,17277913,2019-09-01 19:32:56,inbound
147,20bb23f1ff263581d46b127859b549957a299ede1760ebc9468cb3fea03a0cfe,36WmDJZDNmuj9kd856YvW7Fk4Ue6vJXbuo,17277913,2019-09-01 19:32:56,inbound
148,20bb23f1ff263581d46b127859b549957a299ede1760ebc9468cb3fea03a0cfe,3LNUQ622PN6i4QToC6wzp7juvFq3skxxMJ,7550000,2019-09-01 19:32:56,inbound
149,20bb23f1ff263581d46b127859b549957a299ede1760ebc9468cb3fea03a0cfe,3LNUQ622PN6i4QToC6wzp7juvFq3skxxMJ,7550000,2019-09-01 19:32:56,inbound
150,20bb23f1ff263581d46b127859b549957a299ede1760ebc9468cb3fea03a0cfe,1KKKjU8gppJrsNzZqAXm9Q9xqciYUecPio,2770000,2019-09-01 19:32:56,inbound
151,20bb23f1ff263581d46b127859b549957a299ede1760ebc9468cb3fea03a0cfe,1KKKjU8gppJrsNzZqAXm9Q9xqciYUecPio,2770000,2019-09-01 19:32:56,inbound
152,20bb23f1ff263581d46b127859b549957a299ede1760ebc9468cb3fea03a0cfe,1v4s7EMarzcVVBUUm6B3a8fqLierpsrJM,1282479,2019-09-01 19:32:56,inbound
153,20bb23f1ff263581d46b127859b549957a299ede1760ebc9468cb3fea03a0cfe,1v4s7EMarzcVVBUUm6B3a8fqLierpsrJM,1282479,2019-09-01 19:32:56,inbound
154,20bb23f1ff263581d46b127859b549957a299ede1760ebc9468cb3fea03a0cfe,1Ggdy9XW5VBiMqszRpHhVrSoeaozgSYac3,1521263,2019-09-01 19:32:56,inbound
155,20bb23f1ff263581d46b127859b549957a299ede1760ebc9468cb3fea03a0cfe,1Ggdy9XW5VBiMqszRpHhVrSoeaozgSYac3,1521263,2019-09-01 19:32:56,inbound
156,20bb23f1ff263581d46b127859b549957a299ede1760ebc9468cb3fea03a0cfe,174gjRmucVVn2NN3LcYV9b2k9Rk8wxh3KW,1266075,2019-09-01 19:32:56,inbound
157,20bb23f1ff263581d46b127859b549957a299ede1760ebc9468cb3fea03a0cfe,174gjRmucVVn2NN3LcYV9b2k9Rk8wxh3KW,1266075,2019-09-01 19:32:56,inbound
158,20bb23f1ff263581d46b127859b549957a299ede1760ebc9468cb3fea03a0cfe,14PHoWP2wPXSGjFJEFVLxxoedwQxVDDqPJ,2086761,2019-09-01 19:32:56,inbound
159,20bb23f1ff263581d46b127859b549957a299ede1760ebc9468cb3fea03a0cfe,14PHoWP2wPXSGjFJEFVLxxoedwQxVDDqPJ,2086761,2019-09-01 19:32:56,inbound
160,20bb23f1ff263581d46b127859b549957a299ede1760ebc9468cb3fea03a0cfe,39q7aQU1U4ZrN9EFVbwPnwHWJh85Eyyxw9,36892464,2019-09-01 19:32:56,inbound
161,20bb23f1ff263581d46b127859b549957a299ede1760ebc9468cb3fea03a0cfe,39q7aQU1U4ZrN9EFVbwPnwHWJh85Eyyxw9,36892464,2019-09-01 19:32:56,inbound
162,20bb23f1ff263581d46b127859b549957a299ede1760ebc9468cb3fea03a0cfe,3Djb8wRfnV7A1kJu8DjY9n33XytkiupVgv,500000,2019-09-01 19:32:56,inbound
163,20bb23f1ff263581d46b127859b549957a299ede1760ebc9468cb3fea03a0cfe,3Djb8wRfnV7A1kJu8DjY9n33XytkiupVgv,500000,2019-09-01 19:32:56,inbound
164,20bb23f1ff263581d46b127859b549957a299ede1760ebc9468cb3fea03a0cfe,343y1mMCymuiUfYDaFWA7gpYCf9JYGZ8Ax,100795768,2019-09-01 19:32:56,inbound
165,20bb23f1ff263581d46b127859b549957a299ede1760ebc9468cb3fea03a0cfe,343y1mMCymuiUfYDaFWA7gpYCf9JYGZ8Ax,100795768,2019-09-01 19:32:56,inbound
166,20bb23f1ff263581d46b127859b549957a299ede1760ebc9468cb3fea03a0cfe,3D4tuvrkvPxwi5ihT4Vx3FamWujsa9LZ69,337381,2019-09-01 19:32:56,inbound
167,20bb23f1ff263581d46b127859b549957a299ede1760ebc9468cb3fea03a0cfe,3D4tuvrkvPxwi5ihT4Vx3FamWujsa9LZ69,337381,2019-09-01 19:32:56,inbound
168,20bb23f1ff263581d46b127859b549957a299ede1760ebc9468cb3fea03a0cfe,1GaoUV6v53PGJ1LwqZnBPKeUVCR2EXHLf,10376164,2019-09-01 19:32:56,inbound
169,20bb23f1ff263581d46b127859b549957a299ede1760ebc9468cb3fea03a0cfe,1GaoUV6v53PGJ1LwqZnBPKeUVCR2EXHLf,10376164,2019-09-01 19:32:56,inbound
170,20bb23f1ff263581d46b127859b549957a299ede1760ebc9468cb3fea03a0cfe,1DwqeFMThBFL32Z2f3ZoGRX84hqGGnqc1z,199950000,2019-09-01 19:32:56,inbound
171,20bb23f1ff263581d46b127859b549957a299ede1760ebc9468cb3fea03a0cfe,1DwqeFMThBFL32Z2f3ZoGRX84hqGGnqc1z,199950000,2019-09-01 19:32:56,inbound
172,20bb23f1ff263581d46b127859b549957a299ede1760ebc9468cb3fea03a0cfe,3BMEXP91nBwaxLpdv2hgjupt3YcbVMbgcL,950000,2019-09-01 19:32:56,inbound
173,20bb23f1ff263581d46b127859b549957a299ede1760ebc9468cb3fea03a0cfe,3BMEXP91nBwaxLpdv2hgjupt3YcbVMbgcL,950000,2019-09-01 19:32:56,inbound
174,20bb23f1ff263581d46b127859b549957a299ede1760ebc9468cb3fea03a0cfe,34BKUWjQRXfyGHnoEmuiCitmpsZ7ogHXah,1489184,2019-09-01 19:32:56,inbound
175,20bb23f1ff263581d46b127859b549957a299ede1760ebc9468cb3fea03a0cfe,34BKUWjQRXfyGHnoEmuiCitmpsZ7ogHXah,1489184,2019-09-01 19:32:56,inbound
176,20bb23f1ff263581d46b127859b549957a299ede1760ebc9468cb3fea03a0cfe,1FdNHtmXVpMoXPzFykM9NorTJHH1wY4xMT,99000000,2019-09-01 19:32:56,inbound
177,20bb23f1ff263581d46b127859b549957a299ede1760ebc9468cb3fea03a0cfe,1FdNHtmXVpMoXPzFykM9NorTJHH1wY4xMT,99000000,2019-09-01 19:32:56,inbound
178,20bb23f1ff263581d46b127859b549957a299ede1760ebc9468cb3fea03a0cfe,144jVVzQd5RHDTxvNwk9a4qkpUZuEqn4vs,1800000,2019-09-01 19:32:56,inbound
179,20bb23f1ff263581d46b127859b549957a299ede1760ebc9468cb3fea03a0cfe,144jVVzQd5RHDTxvNwk9a4qkpUZuEqn4vs,1800000,2019-09-01 19:32:56,inbound
180,20bb23f1ff263581d46b127859b549957a299ede1760ebc9468cb3fea03a0cfe,1L7WW9sR793TYKRLZGduw7geVcHoCoBrJe,2000000,2019-09-01 19:32:56,inbound
181,20bb23f1ff263581d46b127859b549957a299ede1760ebc9468cb3fea03a0cfe,1L7WW9sR793TYKRLZGduw7geVcHoCoBrJe,2000000,2019-09-01 19:32:56,inbound
182,20bb23f1ff263581d46b127859b549957a299ede1760ebc9468cb3fea03a0cfe,1BAc7TZTnPwUnea5HEo9vjTejPK5Ut54kR,6885091,2019-09-01 19:32:56,inbound
183,20bb23f1ff263581d46b127859b549957a299ede1760ebc9468cb3fea03a0cfe,1BAc7TZTnPwUnea5HEo9vjTejPK5Ut54kR,6885091,2019-09-01 19:32:56,inbound
184,20bb23f1ff263581d46b127859b549957a299ede1760ebc9468cb3fea03a0cfe,1LSXZFKaKmmv3gT1P1ixQYxdtqWSpxHG2C,11796142,2019-09-01 19:32:56,inbound
185,20bb23f1ff263581d46b127859b549957a299ede1760ebc9468cb3fea03a0cfe,1LSXZFKaKmmv3gT1P1ixQYxdtqWSpxHG2C,11796142,2019-09-01 19:32:56,inbound
186,20bb23f1ff263581d46b127859b549957a299ede1760ebc9468cb3fea03a0cfe,3JWjEBSxKwuKtQ2SrK7trKAiV1meiSr3To,391087,2019-09-01 19:32:56,inbound
187,20bb23f1ff263581d46b127859b549957a299ede1760ebc9468cb3fea03a0cfe,3JWjEBSxKwuKtQ2SrK7trKAiV1meiSr3To,391087,2019-09-01 19:32:56,inbound
188,20bb23f1ff263581d46b127859b549957a299ede1760ebc9468cb3fea03a0cfe,bc1qenmgwwgrv6kxvckme3afkl6wxtg74g6ssf2fvk,99000000,2019-09-01 19:32:56,inbound
189,20bb23f1ff263581d46b127859b549957a299ede1760ebc9468cb3fea03a0cfe,bc1qenmgwwgrv6kxvckme3afkl6wxtg74g6ssf2fvk,99000000,2019-09-01 19:32:56,inbound
190,20bb23f1ff263581d46b127859b549957a299ede1760ebc9468cb3fea03a0cfe,3Ex5VUB9k9r6FaossBMcJChDvL4zy3NPNJ,3322802,2019-09-01 19:32:56,inbound
191,20bb23f1ff263581d46b127859b549957a299ede1760ebc9468cb3fea03a0cfe,3Ex5VUB9k9r6FaossBMcJChDvL4zy3NPNJ,3322802,2019-09-01 19:32:56,inbound
192,20bb23f1ff263581d46b127859b549957a299ede1760ebc9468cb3fea03a0cfe,39kXmud1yC9ms5ZcS4WX739ZxUvBV4LSk3,1750188,2019-09-01 19:32:56,inbound
193,20bb23f1ff263581d46b127859b549957a299ede1760ebc9468cb3fea03a0cfe,39kXmud1yC9ms5ZcS4WX739ZxUvBV4LSk3,1750188,2019-09-01 19:32:56,inbound
194,20bb23f1ff263581d46b127859b549957a299ede1760ebc9468cb3fea03a0cfe,3Az8z9CaKEgEivzi1Uz5uYMhE4z3Yv5892,482079,2019-09-01 19:32:56,inbound
195,20bb23f1ff263581d46b127859b549957a299ede1760ebc9468cb3fea03a0cfe,3Az8z9CaKEgEivzi1Uz5uYMhE4z3Yv5892,482079,2019-09-01 19:32:56,inbound
196,20bb23f1ff263581d46b127859b549957a299ede1760ebc9468cb3fea03a0cfe,bc1q780fqn5jp6vzclsn3hnuqkd2xshuknqjhjz3nj,136039683,2019-09-01 19:32:56,inbound
197,20bb23f1ff263581d46b127859b549957a299ede1760ebc9468cb3fea03a0cfe,bc1q780fqn5jp6vzclsn3hnuqkd2xshuknqjhjz3nj,136039683,2019-09-01 19:32:56,inbound
198,20bb23f1ff263581d46b127859b549957a299ede1760ebc9468cb3fea03a0cfe,1JqH6pfHdvnhJhaEJ3wbPZJVuruj5bq6HL,3630055,2019-09-01 19:32:56,inbound
199,20bb23f1ff263581d46b127859b549957a299ede1760ebc9468cb3fea03a0cfe,1JqH6pfHdvnhJhaEJ3wbPZJVuruj5bq6HL,3630055,2019-09-01 19:32:56,inbound
200,20bb23f1ff263581d46b127859b549957a299ede1760ebc9468cb3fea03a0cfe,17YsqWj121ZcjTEPwTqFr5xaWrKLfHHoKc,1081030,2019-09-01 19:32:56,inbound
201,20bb23f1ff263581d46b127859b549957a299ede1760ebc9468cb3fea03a0cfe,17YsqWj121ZcjTEPwTqFr5xaWrKLfHHoKc,1081030,2019-09-01 19:32:56,inbound
202,20bb23f1ff263581d46b127859b549957a299ede1760ebc9468cb3fea03a0cfe,3JNTxuKPhDXAP8FFBPAUCFX1pHGmQPUr2S,133770000,2019-09-01 19:32:56,inbound
203,20bb23f1ff263581d46b127859b549957a299ede1760ebc9468cb3fea03a0cfe,3JNTxuKPhDXAP8FFBPAUCFX1pHGmQPUr2S,133770000,2019-09-01 19:32:56,inbound
204,20bb23f1ff263581d46b127859b549957a299ede1760ebc9468cb3fea03a0cfe,1FYxLbPhLQS8kMV6Zm62ayEs4rKjrRV1Gk,4533761,2019-09-01 19:32:56,inbound
205,20bb23f1ff263581d46b127859b549957a299ede1760ebc9468cb3fea03a0cfe,1FYxLbPhLQS8kMV6Zm62ayEs4rKjrRV1Gk,4533761,2019-09-01 19:32:56,inbound
206,20bb23f1ff263581d46b127859b549957a299ede1760ebc9468cb3fea03a0cfe,1PLthdFvHFr5g7rV48QtSTnfBzjmdaSH9f,449580,2019-09-01 19:32:56,inbound
207,20bb23f1ff263581d46b127859b549957a299ede1760ebc9468cb3fea03a0cfe,1PLthdFvHFr5g7rV48QtSTnfBzjmdaSH9f,449580,2019-09-01 19:32:56,inbound
208,20bb23f1ff263581d46b127859b549957a299ede1760ebc9468cb3fea03a0cfe,33sXuQFGoTR6AkEnSpGLSa4bwyM8HZasDh,2148509,2019-09-01 19:32:56,inbound
209,20bb23f1ff263581d46b127859b549957a299ede1760ebc9468cb3fea03a0cfe,33sXuQFGoTR6AkEnSpGLSa4bwyM8HZasDh,2148509,2019-09-01 19:32:56,inbound
210,20bb23f1ff263581d46b127859b549957a299ede1760ebc9468cb3fea03a0cfe,1M6L9TxMMXYkUL7yhe2a9AHdqVqU8hWKpK,10950000,2019-09-01 19:32:56,inbound
211,20bb23f1ff263581d46b127859b549957a299ede1760ebc9468cb3fea03a0cfe,1M6L9TxMMXYkUL7yhe2a9AHdqVqU8hWKpK,10950000,2019-09-01 19:32:56,inbound
212,8fcbd0d15608b4b26808b7f58deaccae9579d132079c725782fab1ac076f29f5,1L7WW9sR793TYKRLZGduw7geVcHoCoBrJe,2000000,2019-09-01 18:59:16,inbound
213,8fcbd0d15608b4b26808b7f58deaccae9579d132079c725782fab1ac076f29f5,1L7WW9sR793TYKRLZGduw7geVcHoCoBrJe,2000000,2019-09-01 18:59:16,inbound
214,8fcbd0d15608b4b26808b7f58deaccae9579d132079c725782fab1ac076f29f5,bc1qu90y75zztzxvygsz986vkh9ntc3zvmrtr47wh3,183221,2019-09-01 18:59:16,inbound
215,8fcbd0d15608b4b26808b7f58deaccae9579d132079c725782fab1ac076f29f5,bc1qu90y75zztzxvygsz986vkh9ntc3zvmrtr47wh3,183221,2019-09-01 18:59:16,inbound
216,ac6f203b5beea3d3f5a893bf6005325e677b5f94a7df9e1312450741a58d317e,1L7WW9sR793TYKRLZGduw7geVcHoCoBrJe,2000000,2019-09-01 18:47:19,inbound
217,ac6f203b5beea3d3f5a893bf6005325e677b5f94a7df9e1312450741a58d317e,1L7WW9sR793TYKRLZGduw7geVcHoCoBrJe,2000000,2019-09-01 18:47:19,inbound
218,ac6f203b5beea3d3f5a893bf6005325e677b5f94a7df9e1312450741a58d317e,bc1q9340s4xsnqvgj3umuj3kfjndzcsexs63tk9yw8,195501753,2019-09-01 18:47:19,inbound
219,ac6f203b5beea3d3f5a893bf6005325e677b5f94a7df9e1312450741a58d317e,bc1q9340s4xsnqvgj3umuj3kfjndzcsexs63tk9yw8,195501753,2019-09-01 18:47:19,inbound
220,ca44e50c62cb8d504cc817b552c251aa6aaaa7871018ff11a8e22b1d6e20d34b,bc1q6cqwy3gaprc4yvqtm6x3lx6uenhnzfkw3n60ul,12247744,2019-09-01 18:47:19,inbound
221,ca44e50c62cb8d504cc817b552c251aa6aaaa7871018ff11a8e22b1d6e20d34b,bc1q6cqwy3gaprc4yvqtm6x3lx6uenhnzfkw3n60ul,12247744,2019-09-01 18:47:19,inbound
222,ca44e50c62cb8d504cc817b552c251aa6aaaa7871018ff11a8e22b1d6e20d34b,1L7WW9sR793TYKRLZGduw7geVcHoCoBrJe,2079292,2019-09-01 18:47:19,inbound
223,ca44e50c62cb8d504cc817b552c251aa6aaaa7871018ff11a8e22b1d6e20d34b,1L7WW9sR793TYKRLZGduw7geVcHoCoBrJe,2079292,2019-09-01 18:47:19,inbound
224,ddeb9cfa3cc0fbb4ddbe1feac4508f755491593a4053fa310d88a71da1d90550,1L7WW9sR793TYKRLZGduw7geVcHoCoBrJe,2000000,2019-09-01 18:27:42,inbound
225,ddeb9cfa3cc0fbb4ddbe1feac4508f755491593a4053fa310d88a71da1d90550,1L7WW9sR793TYKRLZGduw7geVcHoCoBrJe,2000000,2019-09-01 18:27:42,inbound
226,ddeb9cfa3cc0fbb4ddbe1feac4508f755491593a4053fa310d88a71da1d90550,bc1qezvxnulrg0pxgg550jw4e6m3tmruk67cnc5xud,444900,2019-09-01 18:27:42,inbound
227,ddeb9cfa3cc0fbb4ddbe1feac4508f755491593a4053fa310d88a71da1d90550,bc1qezvxnulrg0pxgg550jw4e6m3tmruk67cnc5xud,444900,2019-09-01 18:27:42,inbound
228,68c01097c42a1a944baeead9454056d1e6f3125b0ff416ce3d875ec0a483b2db,3DdBZ734DjaqBf29PvjxWv9mvU6VaQEs8H,70067507,2019-09-01 18:09:20,inbound
229,68c01097c42a1a944baeead9454056d1e6f3125b0ff416ce3d875ec0a483b2db,3DdBZ734DjaqBf29PvjxWv9mvU6VaQEs8H,70067507,2019-09-01 18:09:20,inbound
230,68c01097c42a1a944baeead9454056d1e6f3125b0ff416ce3d875ec0a483b2db,14DHew7BYXt3B44QTM2b1kxWu7QB1GW5ZP,766830,2019-09-01 18:09:20,inbound
231,68c01097c42a1a944baeead9454056d1e6f3125b0ff416ce3d875ec0a483b2db,14DHew7BYXt3B44QTM2b1kxWu7QB1GW5ZP,766830,2019-09-01 18:09:20,inbound
232,68c01097c42a1a944baeead9454056d1e6f3125b0ff416ce3d875ec0a483b2db,1KDwuoCUGZfJqXQ5Jddgm35EKNQAsQUV5G,521000,2019-09-01 18:09:20,inbound
233,68c01097c42a1a944baeead9454056d1e6f3125b0ff416ce3d875ec0a483b2db,1KDwuoCUGZfJqXQ5Jddgm35EKNQAsQUV5G,521000,2019-09-01 18:09:20,inbound
234,68c01097c42a1a944baeead9454056d1e6f3125b0ff416ce3d875ec0a483b2db,1L7WW9sR793TYKRLZGduw7geVcHoCoBrJe,2000000,2019-09-01 18:09:20,inbound
235,68c01097c42a1a944baeead9454056d1e6f3125b0ff416ce3d875ec0a483b2db,1L7WW9sR793TYKRLZGduw7geVcHoCoBrJe,2000000,2019-09-01 18:09:20,inbound
236,68c01097c42a1a944baeead9454056d1e6f3125b0ff416ce3d875ec0a483b2db,bc1qqczq8sgmgrg95mhvduts8mstehr029kcjp9jch,1016663,2019-09-01 18:09:20,inbound
237,68c01097c42a1a944baeead9454056d1e6f3125b0ff416ce3d875ec0a483b2db,bc1qqczq8sgmgrg95mhvduts8mstehr029kcjp9jch,1016663,2019-09-01 18:09:20,inbound
238,61f5eafbdd66f5601e685c4a69490eae76b1a1ff55cdd778ec66e877b1980ac4,1L7WW9sR793TYKRLZGduw7geVcHoCoBrJe,2000000,2019-09-01 18:09:20,inbound
239,61f5eafbdd66f5601e685c4a69490eae76b1a1ff55cdd778ec66e877b1980ac4,1L7WW9sR793TYKRLZGduw7geVcHoCoBrJe,2000000,2019-09-01 18:09:20,inbound
240,61f5eafbdd66f5601e685c4a69490eae76b1a1ff55cdd778ec66e877b1980ac4,bc1q25pl5agp28qmfryz8wumpq0hfhne55g09htfj7,8750338,2019-09-01 18:09:20,inbound
241,61f5eafbdd66f5601e685c4a69490eae76b1a1ff55cdd778ec66e877b1980ac4,bc1q25pl5agp28qmfryz8wumpq0hfhne55g09htfj7,8750338,2019-09-01 18:09:20,inbound
242,10b323228aed0b890563d3239f6f7e1fc089db305ceebc6dd0c5553b399e75b3,bc1qvqgw4c2zhqnrdjc4net5qzwtxk85dujvy5r9u9,22670932,2019-09-01 18:09:20,inbound
243,10b323228aed0b890563d3239f6f7e1fc089db305ceebc6dd0c5553b399e75b3,bc1qvqgw4c2zhqnrdjc4net5qzwtxk85dujvy5r9u9,22670932,2019-09-01 18:09:20,inbound
244,10b323228aed0b890563d3239f6f7e1fc089db305ceebc6dd0c5553b399e75b3,1L7WW9sR793TYKRLZGduw7geVcHoCoBrJe,2000000,2019-09-01 18:09:20,inbound
245,10b323228aed0b890563d3239f6f7e1fc089db305ceebc6dd0c5553b399e75b3,1L7WW9sR793TYKRLZGduw7geVcHoCoBrJe,2000000,2019-09-01 18:09:20,inbound
246,01ea8c9bcf205476294fee76b4ac42457ca77d8e76b5fb71abe08fed9d466fb7,1L7WW9sR793TYKRLZGduw7geVcHoCoBrJe,2000000,2019-09-01 17:55:21,inbound
247,01ea8c9bcf205476294fee76b4ac42457ca77d8e76b5fb71abe08fed9d466fb7,1L7WW9sR793TYKRLZGduw7geVcHoCoBrJe,2000000,2019-09-01 17:55:21,inbound
248,01ea8c9bcf205476294fee76b4ac42457ca77d8e76b5fb71abe08fed9d466fb7,bc1q38mvkhq8ez4gtnkqy8vd0rycuez5wushaj5nry,446568,2019-09-01 17:55:21,inbound
249,01ea8c9bcf205476294fee76b4ac42457ca77d8e76b5fb71abe08fed9d466fb7,bc1q38mvkhq8ez4gtnkqy8vd0rycuez5wushaj5nry,446568,2019-09-01 17:55:21,inbound
250,558fff24a0026490ae709e33b22e58460a5daf33712fb82bd2f6df21eecbdb60,16Gi8QuoUrAoniZx8LAo6BJ89fAbDGKJRU,1488058,2019-09-01 17:23:47,inbound
251,558fff24a0026490ae709e33b22e58460a5daf33712fb82bd2f6df21eecbdb60,16Gi8QuoUrAoniZx8LAo6BJ89fAbDGKJRU,1488058,2019-09-01 17:23:47,inbound
252,558fff24a0026490ae709e33b22e58460a5daf33712fb82bd2f6df21eecbdb60,1L7WW9sR793TYKRLZGduw7geVcHoCoBrJe,2000000,2019-09-01 17:23:47,inbound
253,558fff24a0026490ae709e33b22e58460a5daf33712fb82bd2f6df21eecbdb60,1L7WW9sR793TYKRLZGduw7geVcHoCoBrJe,2000000,2019-09-01 17:23:47,inbound
254,e0a2dc6623cd4e2ef4f6108f45ef65d2020f76be38761b5fb7e065466cab3043,bc1qv48l0dffg3332ecckg8pu4wre4kzga00xpun5n,16481311,2019-09-01 17:23:47,inbound
255,e0a2dc6623cd4e2ef4f6108f45ef65d2020f76be38761b5fb7e065466cab3043,bc1qv48l0dffg3332ecckg8pu4wre4kzga00xpun5n,16481311,2019-09-01 17:23:47,inbound
256,e0a2dc6623cd4e2ef4f6108f45ef65d2020f76be38761b5fb7e065466cab3043,1L7WW9sR793TYKRLZGduw7geVcHoCoBrJe,2000000,2019-09-01 17:23:47,inbound
257,e0a2dc6623cd4e2ef4f6108f45ef65d2020f76be38761b5fb7e065466cab3043,1L7WW9sR793TYKRLZGduw7geVcHoCoBrJe,2000000,2019-09-01 17:23:47,inbound
258,15224165478f3986294e9aa15858f96de5aa2390274d982c7720fce08cc55c97,bc1q73dw9fqsrvrn8e9jqgvmutv24t9u57n4m66pyv,8052663,2019-09-01 17:17:09,inbound
259,15224165478f3986294e9aa15858f96de5aa2390274d982c7720fce08cc55c97,bc1q73dw9fqsrvrn8e9jqgvmutv24t9u57n4m66pyv,8052663,2019-09-01 17:17:09,inbound
260,15224165478f3986294e9aa15858f96de5aa2390274d982c7720fce08cc55c97,1L7WW9sR793TYKRLZGduw7geVcHoCoBrJe,2000000,2019-09-01 17:17:09,inbound
261,15224165478f3986294e9aa15858f96de5aa2390274d982c7720fce08cc55c97,1L7WW9sR793TYKRLZGduw7geVcHoCoBrJe,2000000,2019-09-01 17:17:09,inbound
262,fde69ab91dcf5f616caf6ed68e99ea1dc44d59dab735bde382a124cdfca9806f,bc1qupkaux65psgjpa20jamj7yyzmujczu0786ntja,12509467,2019-09-01 17:15:57,inbound
263,fde69ab91dcf5f616caf6ed68e99ea1dc44d59dab735bde382a124cdfca9806f,bc1qupkaux65psgjpa20jamj7yyzmujczu0786ntja,12509467,2019-09-01 17:15:57,inbound
264,fde69ab91dcf5f616caf6ed68e99ea1dc44d59dab735bde382a124cdfca9806f,1L7WW9sR793TYKRLZGduw7geVcHoCoBrJe,2000000,2019-09-01 17:15:57,inbound
265,fde69ab91dcf5f616caf6ed68e99ea1dc44d59dab735bde382a124cdfca9806f,1L7WW9sR793TYKRLZGduw7geVcHoCoBrJe,2000000,2019-09-01 17:15:57,inbound
