,hash,input_address,output_address,output_value,real_time
0,c43f5817513f2acc547713ec34a97417a2eb2bfd34bc001d1847ac7789f99367,bc1qesjkw9r8mq0n3pk7p7amsfz9mdjpg2kn9yl2v9,bc1qz6lks9udfn78vx3cju9uyc6kqk6739hndak4ct,173278839,2023-04-02 14:35:49
1,c43f5817513f2acc547713ec34a97417a2eb2bfd34bc001d1847ac7789f99367,bc1qz6lks9udfn78vx3cju9uyc6kqk6739hndak4ct,bc1qesjkw9r8mq0n3pk7p7amsfz9mdjpg2kn9yl2v9,173278839,2023-04-02 14:35:49
2,c43f5817513f2acc547713ec34a97417a2eb2bfd34bc001d1847ac7789f99367,bc1qz6lks9udfn78vx3cju9uyc6kqk6739hndak4ct,bc1qesjkw9r8mq0n3pk7p7amsfz9mdjpg2kn9yl2v9,173278839,2023-04-02 14:35:49
3,c43f5817513f2acc547713ec34a97417a2eb2bfd34bc001d1847ac7789f99367,bc1qesjkw9r8mq0n3pk7p7amsfz9mdjpg2kn9yl2v9,bc1qz6lks9udfn78vx3cju9uyc6kqk6739hndak4ct,173278839,2023-04-02 14:35:49
4,3d2d12f2e71597036cc0a03a10df55c2f7fdd8d4708930658f73bc3560664c4e,bc1qesjkw9r8mq0n3pk7p7amsfz9mdjpg2kn9yl2v9,bc1qz6lks9udfn78vx3cju9uyc6kqk6739hndak4ct,20948241,2023-04-01 16:05:09
5,3d2d12f2e71597036cc0a03a10df55c2f7fdd8d4708930658f73bc3560664c4e,bc1qz6lks9udfn78vx3cju9uyc6kqk6739hndak4ct,bc1qesjkw9r8mq0n3pk7p7amsfz9mdjpg2kn9yl2v9,20948241,2023-04-01 16:05:09
6,3d2d12f2e71597036cc0a03a10df55c2f7fdd8d4708930658f73bc3560664c4e,bc1qz6lks9udfn78vx3cju9uyc6kqk6739hndak4ct,bc1qesjkw9r8mq0n3pk7p7amsfz9mdjpg2kn9yl2v9,20948241,2023-04-01 16:05:09
7,3d2d12f2e71597036cc0a03a10df55c2f7fdd8d4708930658f73bc3560664c4e,bc1qz6lks9udfn78vx3cju9uyc6kqk6739hndak4ct,bc1qesjkw9r8mq0n3pk7p7amsfz9mdjpg2kn9yl2v9,721441000,2023-04-01 16:05:09
8,3d2d12f2e71597036cc0a03a10df55c2f7fdd8d4708930658f73bc3560664c4e,bc1qz6lks9udfn78vx3cju9uyc6kqk6739hndak4ct,bc1qesjkw9r8mq0n3pk7p7amsfz9mdjpg2kn9yl2v9,721441000,2023-04-01 16:05:09
9,3d2d12f2e71597036cc0a03a10df55c2f7fdd8d4708930658f73bc3560664c4e,bc1qesjkw9r8mq0n3pk7p7amsfz9mdjpg2kn9yl2v9,bc1qz6lks9udfn78vx3cju9uyc6kqk6739hndak4ct,721441000,2023-04-01 16:05:09
10,3d2d12f2e71597036cc0a03a10df55c2f7fdd8d4708930658f73bc3560664c4e,bc1qesjkw9r8mq0n3pk7p7amsfz9mdjpg2kn9yl2v9,bc1qz6lks9udfn78vx3cju9uyc6kqk6739hndak4ct,20948241,2023-04-01 16:05:09
11,3d2d12f2e71597036cc0a03a10df55c2f7fdd8d4708930658f73bc3560664c4e,bc1qesjkw9r8mq0n3pk7p7amsfz9mdjpg2kn9yl2v9,bc1qz6lks9udfn78vx3cju9uyc6kqk6739hndak4ct,721441000,2023-04-01 16:05:09
12,66492de91640954708214ab36828a20853b3be6109d15fd3f9e78337da3ec2a5,bc1qesjkw9r8mq0n3pk7p7amsfz9mdjpg2kn9yl2v9,bc1qz6lks9udfn78vx3cju9uyc6kqk6739hndak4ct,661488,2023-04-01 16:04:25
13,66492de91640954708214ab36828a20853b3be6109d15fd3f9e78337da3ec2a5,bc1qesjkw9r8mq0n3pk7p7amsfz9mdjpg2kn9yl2v9,bc1qz6lks9udfn78vx3cju9uyc6kqk6739hndak4ct,785035,2023-04-01 16:04:25
14,66492de91640954708214ab36828a20853b3be6109d15fd3f9e78337da3ec2a5,bc1qz6lks9udfn78vx3cju9uyc6kqk6739hndak4ct,bc1qesjkw9r8mq0n3pk7p7amsfz9mdjpg2kn9yl2v9,785035,2023-04-01 16:04:25
15,66492de91640954708214ab36828a20853b3be6109d15fd3f9e78337da3ec2a5,bc1qz6lks9udfn78vx3cju9uyc6kqk6739hndak4ct,bc1qesjkw9r8mq0n3pk7p7amsfz9mdjpg2kn9yl2v9,661488,2023-04-01 16:04:25
16,66492de91640954708214ab36828a20853b3be6109d15fd3f9e78337da3ec2a5,bc1qesjkw9r8mq0n3pk7p7amsfz9mdjpg2kn9yl2v9,bc1qz6lks9udfn78vx3cju9uyc6kqk6739hndak4ct,661488,2023-04-01 16:03:22
17,66492de91640954708214ab36828a20853b3be6109d15fd3f9e78337da3ec2a5,bc1qesjkw9r8mq0n3pk7p7amsfz9mdjpg2kn9yl2v9,bc1qz6lks9udfn78vx3cju9uyc6kqk6739hndak4ct,785035,2023-04-01 16:03:22
18,66492de91640954708214ab36828a20853b3be6109d15fd3f9e78337da3ec2a5,bc1qz6lks9udfn78vx3cju9uyc6kqk6739hndak4ct,bc1qesjkw9r8mq0n3pk7p7amsfz9mdjpg2kn9yl2v9,785035,2023-04-01 16:03:22
19,66492de91640954708214ab36828a20853b3be6109d15fd3f9e78337da3ec2a5,bc1qz6lks9udfn78vx3cju9uyc6kqk6739hndak4ct,bc1qesjkw9r8mq0n3pk7p7amsfz9mdjpg2kn9yl2v9,661488,2023-04-01 16:03:22
