,value,hash,addr,time
0,1865000,c8e7b7461213f46530aaf7b8f0cf3a4bdc10fe0f6ca127376d5e0462580b2174,bc1qdfqfpema8nglp55atj7zshgkwzmp6c04tth5zc,2023-04-07 17:58:59
1,144000,c8e7b7461213f46530aaf7b8f0cf3a4bdc10fe0f6ca127376d5e0462580b2174,bc1qqmgdw5chq8hmc6pcrzx42tyz9t96lsysjf93j2,2023-04-07 17:58:59
2,374864000,c8e7b7461213f46530aaf7b8f0cf3a4bdc10fe0f6ca127376d5e0462580b2174,3HVn6LtjLUCTEk6EfG9sCzJD6B9W3xkMqi,2023-04-07 17:58:59
3,109000,c8e7b7461213f46530aaf7b8f0cf3a4bdc10fe0f6ca127376d5e0462580b2174,1AYEyBPjGLBwg8ayew1qKG2EgZYcQe6yYb,2023-04-07 17:58:59
4,52716,c8e7b7461213f46530aaf7b8f0cf3a4bdc10fe0f6ca127376d5e0462580b2174,3QrZwKXFNLqbMrvcnhPNq1EdLaK6Mnvix1,2023-04-07 17:58:59
5,6441000,c8e7b7461213f46530aaf7b8f0cf3a4bdc10fe0f6ca127376d5e0462580b2174,1KKPtNrFQz4JNwnH26PxD5BskDyaAZf3Qj,2023-04-07 17:58:59
6,1067000,c8e7b7461213f46530aaf7b8f0cf3a4bdc10fe0f6ca127376d5e0462580b2174,bc1qpafn0glpur9gaeupklwkusw7mupaq6yfum82rg,2023-04-07 17:58:59
7,109998,c8e7b7461213f46530aaf7b8f0cf3a4bdc10fe0f6ca127376d5e0462580b2174,3HWR3e4H6V2f4j8uXPMGXBtKqduN6Vzama,2023-04-07 17:58:59
8,739000,c8e7b7461213f46530aaf7b8f0cf3a4bdc10fe0f6ca127376d5e0462580b2174,3BSHaQEthVKrUmN3EyunMz3kJeNxcSiQ4j,2023-04-07 17:58:59
9,768565,c8e7b7461213f46530aaf7b8f0cf3a4bdc10fe0f6ca127376d5e0462580b2174,3JHgoNLMS5AKHKXCMkFz5bDEiQ13wbEwng,2023-04-07 17:58:59
10,38677485,c8e7b7461213f46530aaf7b8f0cf3a4bdc10fe0f6ca127376d5e0462580b2174,bc1qr7thfcnfjwcvf4n59cxll4hswg4x89d9pvd945,2023-04-07 17:58:59
11,64058,c8e7b7461213f46530aaf7b8f0cf3a4bdc10fe0f6ca127376d5e0462580b2174,bc1q4pkcz793ny4ytttgwvev22dusdc3rrn6nhqrq5,2023-04-07 17:58:59
12,3738000,c8e7b7461213f46530aaf7b8f0cf3a4bdc10fe0f6ca127376d5e0462580b2174,1PENxrSDhQo4LL6v6QpXVFRXVbXj26uSS7,2023-04-07 17:58:59
13,91000,c8e7b7461213f46530aaf7b8f0cf3a4bdc10fe0f6ca127376d5e0462580b2174,bc1qtuhzddmqzqnzplnyay0f3p7ju7h3x2d7n3v3gw,2023-04-07 17:58:59
14,722300,c8e7b7461213f46530aaf7b8f0cf3a4bdc10fe0f6ca127376d5e0462580b2174,bc1qezqxtcg58ya74dsvq7k4d50vguv52dm40tl0v9,2023-04-07 17:58:59
15,65000,c8e7b7461213f46530aaf7b8f0cf3a4bdc10fe0f6ca127376d5e0462580b2174,bc1qc3a4su5fjlqk792ldhcgczqa7p2qm8ezsa60yf,2023-04-07 17:58:59
16,2163000,c8e7b7461213f46530aaf7b8f0cf3a4bdc10fe0f6ca127376d5e0462580b2174,bc1q9tex36nhefvrpzsnz8mhycuuzlmu9vjtm27q4x,2023-04-07 17:58:59
17,677000,c8e7b7461213f46530aaf7b8f0cf3a4bdc10fe0f6ca127376d5e0462580b2174,bc1qt288n80eq294ffahnuzkxuq998mnv8dyg5mvwq,2023-04-07 17:58:59
18,78000,c8e7b7461213f46530aaf7b8f0cf3a4bdc10fe0f6ca127376d5e0462580b2174,bc1qwtp8amz0m0ep5wqzgw2gmazyvhxrajxwrtnyj0,2023-04-07 17:58:59
19,8551500,c8e7b7461213f46530aaf7b8f0cf3a4bdc10fe0f6ca127376d5e0462580b2174,1J56mjHiDMgCb3dNpiLQVNiYiyDan7JNnJ,2023-04-07 17:58:59
20,20012136062,c8e7b7461213f46530aaf7b8f0cf3a4bdc10fe0f6ca127376d5e0462580b2174,bc1q7edgq0sc3mu98503vu59ec7qxm6zynz6zvhruk4427yzphflqt4qyfh6tr,2023-04-07 17:58:59
