,id,value,hash,addr,time
0,4275,195966,1064e804527cefcadda01b4308d8fef1b817d609c260fe1cb6d397d2d7b2a31d,33fjA5izgNnqpNZcswbFUSipW4yPHMLeRh,2023-04-07 00:11:11
1,4276,1426000,1064e804527cefcadda01b4308d8fef1b817d609c260fe1cb6d397d2d7b2a31d,bc1qdqcwud2puffkva5wdxqhpzp4hjd6lugaqpl43f,2023-04-07 00:11:11
2,4277,4749000,1064e804527cefcadda01b4308d8fef1b817d609c260fe1cb6d397d2d7b2a31d,3K4iL9xPSVonjRm73Rf5S6sMpbhyHkWLJ7,2023-04-07 00:11:11
3,4278,146000,1064e804527cefcadda01b4308d8fef1b817d609c260fe1cb6d397d2d7b2a31d,bc1q5ws4wls6ecxytrkez2gr4aefre2fdl9sk85ng5,2023-04-07 00:11:11
4,4279,124000,1064e804527cefcadda01b4308d8fef1b817d609c260fe1cb6d397d2d7b2a31d,3Jwjncjbwc29FP84nyHtTgJvqGTRAy6YAb,2023-04-07 00:11:11
5,4280,12624000,1064e804527cefcadda01b4308d8fef1b817d609c260fe1cb6d397d2d7b2a31d,bc1qhdj44gdhnc2rgxw87653sykl73sw7txqclqdaf,2023-04-07 00:11:11
6,4281,14491000,1064e804527cefcadda01b4308d8fef1b817d609c260fe1cb6d397d2d7b2a31d,bc1qv86qh32p3hdegrfrrje87aaqgqhy0gmp3axuchrvpas28r2f6uxqw4ty3y,2023-04-07 00:11:11
7,4282,692600,1064e804527cefcadda01b4308d8fef1b817d609c260fe1cb6d397d2d7b2a31d,1G3kBNoNBvR2wEBx95esELcMcBdBMipLKs,2023-04-07 00:11:11
8,4283,191000,1064e804527cefcadda01b4308d8fef1b817d609c260fe1cb6d397d2d7b2a31d,bc1qhhlfjfrfahs4rn453m6paw8rn8d5x7aaqa5cgp,2023-04-07 00:11:11
9,4284,174000,1064e804527cefcadda01b4308d8fef1b817d609c260fe1cb6d397d2d7b2a31d,bc1qh9k205nfh9pwkytfgw4xdn2gc8364k84sqv0wy,2023-04-07 00:11:11
10,4285,109000,1064e804527cefcadda01b4308d8fef1b817d609c260fe1cb6d397d2d7b2a31d,13DhWYRZ8YGAEWFMhHxbtm984VbEEGA9Mu,2023-04-07 00:11:11
11,4286,2348239,1064e804527cefcadda01b4308d8fef1b817d609c260fe1cb6d397d2d7b2a31d,15FxGup9ZEyYGd8UcbcF8UBBALZQk2rYPj,2023-04-07 00:11:11
12,4287,890539,1064e804527cefcadda01b4308d8fef1b817d609c260fe1cb6d397d2d7b2a31d,38pKrZiKj6uTnGY9PopsW5Vdd5NzEZBqTT,2023-04-07 00:11:11
13,4288,72000,1064e804527cefcadda01b4308d8fef1b817d609c260fe1cb6d397d2d7b2a31d,bc1q8ttvn67xmylgxhvgyxzxdracm0d85gdtn56twn,2023-04-07 00:11:11
14,4289,130941,1064e804527cefcadda01b4308d8fef1b817d609c260fe1cb6d397d2d7b2a31d,bc1qht7vpq2nfgpfztxznzjezsfnh467gcmj4d8ywd,2023-04-07 00:11:11
15,4290,2504000,1064e804527cefcadda01b4308d8fef1b817d609c260fe1cb6d397d2d7b2a31d,35FTnicVsr1jkrnW9igkk6Hxxi8jJ7CfrE,2023-04-07 00:11:11
16,4291,57000,1064e804527cefcadda01b4308d8fef1b817d609c260fe1cb6d397d2d7b2a31d,33ENsif6EjJM828rhrc9VugDEvrKbnCRpr,2023-04-07 00:11:11
17,4292,71000,1064e804527cefcadda01b4308d8fef1b817d609c260fe1cb6d397d2d7b2a31d,3A7wSqdEQaAwkyEoN8kaMrWerythf2zMJM,2023-04-07 00:11:11
18,4293,53000,1064e804527cefcadda01b4308d8fef1b817d609c260fe1cb6d397d2d7b2a31d,33oQBr2TkN7e1jLJnjetCXxBGf5CiTKYr8,2023-04-07 00:11:11
19,4294,27822472131,1064e804527cefcadda01b4308d8fef1b817d609c260fe1cb6d397d2d7b2a31d,bc1q7y5e8vnsem3uu239j08ndyqtvuxwc86cy6klyv8eghgurqtphekqmxsv5l,2023-04-07 00:11:11
20,4275,195966,1064e804527cefcadda01b4308d8fef1b817d609c260fe1cb6d397d2d7b2a31d,33fjA5izgNnqpNZcswbFUSipW4yPHMLeRh,2023-04-07 00:11:11
21,4276,1426000,1064e804527cefcadda01b4308d8fef1b817d609c260fe1cb6d397d2d7b2a31d,bc1qdqcwud2puffkva5wdxqhpzp4hjd6lugaqpl43f,2023-04-07 00:11:11
22,4277,4749000,1064e804527cefcadda01b4308d8fef1b817d609c260fe1cb6d397d2d7b2a31d,3K4iL9xPSVonjRm73Rf5S6sMpbhyHkWLJ7,2023-04-07 00:11:11
23,4278,146000,1064e804527cefcadda01b4308d8fef1b817d609c260fe1cb6d397d2d7b2a31d,bc1q5ws4wls6ecxytrkez2gr4aefre2fdl9sk85ng5,2023-04-07 00:11:11
24,4279,124000,1064e804527cefcadda01b4308d8fef1b817d609c260fe1cb6d397d2d7b2a31d,3Jwjncjbwc29FP84nyHtTgJvqGTRAy6YAb,2023-04-07 00:11:11
25,4280,12624000,1064e804527cefcadda01b4308d8fef1b817d609c260fe1cb6d397d2d7b2a31d,bc1qhdj44gdhnc2rgxw87653sykl73sw7txqclqdaf,2023-04-07 00:11:11
26,4281,14491000,1064e804527cefcadda01b4308d8fef1b817d609c260fe1cb6d397d2d7b2a31d,bc1qv86qh32p3hdegrfrrje87aaqgqhy0gmp3axuchrvpas28r2f6uxqw4ty3y,2023-04-07 00:11:11
27,4282,692600,1064e804527cefcadda01b4308d8fef1b817d609c260fe1cb6d397d2d7b2a31d,1G3kBNoNBvR2wEBx95esELcMcBdBMipLKs,2023-04-07 00:11:11
28,4283,191000,1064e804527cefcadda01b4308d8fef1b817d609c260fe1cb6d397d2d7b2a31d,bc1qhhlfjfrfahs4rn453m6paw8rn8d5x7aaqa5cgp,2023-04-07 00:11:11
29,4284,174000,1064e804527cefcadda01b4308d8fef1b817d609c260fe1cb6d397d2d7b2a31d,bc1qh9k205nfh9pwkytfgw4xdn2gc8364k84sqv0wy,2023-04-07 00:11:11
30,4285,109000,1064e804527cefcadda01b4308d8fef1b817d609c260fe1cb6d397d2d7b2a31d,13DhWYRZ8YGAEWFMhHxbtm984VbEEGA9Mu,2023-04-07 00:11:11
31,4286,2348239,1064e804527cefcadda01b4308d8fef1b817d609c260fe1cb6d397d2d7b2a31d,15FxGup9ZEyYGd8UcbcF8UBBALZQk2rYPj,2023-04-07 00:11:11
32,4287,890539,1064e804527cefcadda01b4308d8fef1b817d609c260fe1cb6d397d2d7b2a31d,38pKrZiKj6uTnGY9PopsW5Vdd5NzEZBqTT,2023-04-07 00:11:11
33,4288,72000,1064e804527cefcadda01b4308d8fef1b817d609c260fe1cb6d397d2d7b2a31d,bc1q8ttvn67xmylgxhvgyxzxdracm0d85gdtn56twn,2023-04-07 00:11:11
34,4289,130941,1064e804527cefcadda01b4308d8fef1b817d609c260fe1cb6d397d2d7b2a31d,bc1qht7vpq2nfgpfztxznzjezsfnh467gcmj4d8ywd,2023-04-07 00:11:11
35,4290,2504000,1064e804527cefcadda01b4308d8fef1b817d609c260fe1cb6d397d2d7b2a31d,35FTnicVsr1jkrnW9igkk6Hxxi8jJ7CfrE,2023-04-07 00:11:11
36,4291,57000,1064e804527cefcadda01b4308d8fef1b817d609c260fe1cb6d397d2d7b2a31d,33ENsif6EjJM828rhrc9VugDEvrKbnCRpr,2023-04-07 00:11:11
37,4292,71000,1064e804527cefcadda01b4308d8fef1b817d609c260fe1cb6d397d2d7b2a31d,3A7wSqdEQaAwkyEoN8kaMrWerythf2zMJM,2023-04-07 00:11:11
38,4293,53000,1064e804527cefcadda01b4308d8fef1b817d609c260fe1cb6d397d2d7b2a31d,33oQBr2TkN7e1jLJnjetCXxBGf5CiTKYr8,2023-04-07 00:11:11
39,4294,27822472131,1064e804527cefcadda01b4308d8fef1b817d609c260fe1cb6d397d2d7b2a31d,bc1q7y5e8vnsem3uu239j08ndyqtvuxwc86cy6klyv8eghgurqtphekqmxsv5l,2023-04-07 00:11:11
40,4275,195966,1064e804527cefcadda01b4308d8fef1b817d609c260fe1cb6d397d2d7b2a31d,33fjA5izgNnqpNZcswbFUSipW4yPHMLeRh,2023-04-07 00:11:11
41,4276,1426000,1064e804527cefcadda01b4308d8fef1b817d609c260fe1cb6d397d2d7b2a31d,bc1qdqcwud2puffkva5wdxqhpzp4hjd6lugaqpl43f,2023-04-07 00:11:11
42,4277,4749000,1064e804527cefcadda01b4308d8fef1b817d609c260fe1cb6d397d2d7b2a31d,3K4iL9xPSVonjRm73Rf5S6sMpbhyHkWLJ7,2023-04-07 00:11:11
43,4278,146000,1064e804527cefcadda01b4308d8fef1b817d609c260fe1cb6d397d2d7b2a31d,bc1q5ws4wls6ecxytrkez2gr4aefre2fdl9sk85ng5,2023-04-07 00:11:11
44,4279,124000,1064e804527cefcadda01b4308d8fef1b817d609c260fe1cb6d397d2d7b2a31d,3Jwjncjbwc29FP84nyHtTgJvqGTRAy6YAb,2023-04-07 00:11:11
45,4280,12624000,1064e804527cefcadda01b4308d8fef1b817d609c260fe1cb6d397d2d7b2a31d,bc1qhdj44gdhnc2rgxw87653sykl73sw7txqclqdaf,2023-04-07 00:11:11
46,4281,14491000,1064e804527cefcadda01b4308d8fef1b817d609c260fe1cb6d397d2d7b2a31d,bc1qv86qh32p3hdegrfrrje87aaqgqhy0gmp3axuchrvpas28r2f6uxqw4ty3y,2023-04-07 00:11:11
47,4282,692600,1064e804527cefcadda01b4308d8fef1b817d609c260fe1cb6d397d2d7b2a31d,1G3kBNoNBvR2wEBx95esELcMcBdBMipLKs,2023-04-07 00:11:11
48,4283,191000,1064e804527cefcadda01b4308d8fef1b817d609c260fe1cb6d397d2d7b2a31d,bc1qhhlfjfrfahs4rn453m6paw8rn8d5x7aaqa5cgp,2023-04-07 00:11:11
49,4284,174000,1064e804527cefcadda01b4308d8fef1b817d609c260fe1cb6d397d2d7b2a31d,bc1qh9k205nfh9pwkytfgw4xdn2gc8364k84sqv0wy,2023-04-07 00:11:11
50,4285,109000,1064e804527cefcadda01b4308d8fef1b817d609c260fe1cb6d397d2d7b2a31d,13DhWYRZ8YGAEWFMhHxbtm984VbEEGA9Mu,2023-04-07 00:11:11
51,4286,2348239,1064e804527cefcadda01b4308d8fef1b817d609c260fe1cb6d397d2d7b2a31d,15FxGup9ZEyYGd8UcbcF8UBBALZQk2rYPj,2023-04-07 00:11:11
52,4287,890539,1064e804527cefcadda01b4308d8fef1b817d609c260fe1cb6d397d2d7b2a31d,38pKrZiKj6uTnGY9PopsW5Vdd5NzEZBqTT,2023-04-07 00:11:11
53,4288,72000,1064e804527cefcadda01b4308d8fef1b817d609c260fe1cb6d397d2d7b2a31d,bc1q8ttvn67xmylgxhvgyxzxdracm0d85gdtn56twn,2023-04-07 00:11:11
54,4289,130941,1064e804527cefcadda01b4308d8fef1b817d609c260fe1cb6d397d2d7b2a31d,bc1qht7vpq2nfgpfztxznzjezsfnh467gcmj4d8ywd,2023-04-07 00:11:11
55,4290,2504000,1064e804527cefcadda01b4308d8fef1b817d609c260fe1cb6d397d2d7b2a31d,35FTnicVsr1jkrnW9igkk6Hxxi8jJ7CfrE,2023-04-07 00:11:11
56,4291,57000,1064e804527cefcadda01b4308d8fef1b817d609c260fe1cb6d397d2d7b2a31d,33ENsif6EjJM828rhrc9VugDEvrKbnCRpr,2023-04-07 00:11:11
57,4292,71000,1064e804527cefcadda01b4308d8fef1b817d609c260fe1cb6d397d2d7b2a31d,3A7wSqdEQaAwkyEoN8kaMrWerythf2zMJM,2023-04-07 00:11:11
58,4293,53000,1064e804527cefcadda01b4308d8fef1b817d609c260fe1cb6d397d2d7b2a31d,33oQBr2TkN7e1jLJnjetCXxBGf5CiTKYr8,2023-04-07 00:11:11
59,4294,27822472131,1064e804527cefcadda01b4308d8fef1b817d609c260fe1cb6d397d2d7b2a31d,bc1q7y5e8vnsem3uu239j08ndyqtvuxwc86cy6klyv8eghgurqtphekqmxsv5l,2023-04-07 00:11:11
60,2089,680000000,150fb44378c692db3f639ad4fb029789094685a1ae0023d1c878fd9c65ae4a7d,372Rnnmzcaw6My5dJCHy2G4jgHtjESpJx6,2023-04-06 09:16:40
61,2090,71872665,150fb44378c692db3f639ad4fb029789094685a1ae0023d1c878fd9c65ae4a7d,bc1qesjkw9r8mq0n3pk7p7amsfz9mdjpg2kn9yl2v9,2023-04-06 09:16:40
62,4273,680000000,150fb44378c692db3f639ad4fb029789094685a1ae0023d1c878fd9c65ae4a7d,372Rnnmzcaw6My5dJCHy2G4jgHtjESpJx6,2023-04-06 09:16:40
63,4274,71872665,150fb44378c692db3f639ad4fb029789094685a1ae0023d1c878fd9c65ae4a7d,bc1qesjkw9r8mq0n3pk7p7amsfz9mdjpg2kn9yl2v9,2023-04-06 09:16:40
64,2089,680000000,150fb44378c692db3f639ad4fb029789094685a1ae0023d1c878fd9c65ae4a7d,372Rnnmzcaw6My5dJCHy2G4jgHtjESpJx6,2023-04-06 09:16:40
65,2090,71872665,150fb44378c692db3f639ad4fb029789094685a1ae0023d1c878fd9c65ae4a7d,bc1qesjkw9r8mq0n3pk7p7amsfz9mdjpg2kn9yl2v9,2023-04-06 09:16:40
66,4273,680000000,150fb44378c692db3f639ad4fb029789094685a1ae0023d1c878fd9c65ae4a7d,372Rnnmzcaw6My5dJCHy2G4jgHtjESpJx6,2023-04-06 09:16:40
67,4274,71872665,150fb44378c692db3f639ad4fb029789094685a1ae0023d1c878fd9c65ae4a7d,bc1qesjkw9r8mq0n3pk7p7amsfz9mdjpg2kn9yl2v9,2023-04-06 09:16:40
68,4427,1442000,323f3a70d928ade1eec2a3c8b47dcb35278ad41ea573253fa160b9f6951307a8,bc1q49kcnwh6qfz62dxxhg2whu79uh4nxqy0536gkc,2023-04-07 19:04:04
69,4428,332500,323f3a70d928ade1eec2a3c8b47dcb35278ad41ea573253fa160b9f6951307a8,bc1qv2jmr05t4jt50y07a67fmgfmrf08f8ds3dkrkn,2023-04-07 19:04:04
70,4429,99999000,323f3a70d928ade1eec2a3c8b47dcb35278ad41ea573253fa160b9f6951307a8,3QkYXpY4R3nk2zaWVmCTJdFRd8m4aSUF7J,2023-04-07 19:04:04
71,4430,332500,323f3a70d928ade1eec2a3c8b47dcb35278ad41ea573253fa160b9f6951307a8,bc1qp7nkqeks7gykxyy84w2hup6l7a7rswslqyaqjd,2023-04-07 19:04:04
72,4431,507760,323f3a70d928ade1eec2a3c8b47dcb35278ad41ea573253fa160b9f6951307a8,1DWHgKq32tL2SEYHRyfJkgKeufWS6YPBMg,2023-04-07 19:04:04
73,4432,7874000,323f3a70d928ade1eec2a3c8b47dcb35278ad41ea573253fa160b9f6951307a8,bc1qfys6g8da3hd237epqs54nzzeae762zfk46xlc8,2023-04-07 19:04:04
74,4433,182000,323f3a70d928ade1eec2a3c8b47dcb35278ad41ea573253fa160b9f6951307a8,bc1qmm5aj4vfatcagphcz9dstpmyh6pux77a5u04cr,2023-04-07 19:04:04
75,4434,63860921,323f3a70d928ade1eec2a3c8b47dcb35278ad41ea573253fa160b9f6951307a8,bc1qhrnapauc69ahcv7wp850ztgsygxqvelg7dpy48,2023-04-07 19:04:04
76,4435,50000,323f3a70d928ade1eec2a3c8b47dcb35278ad41ea573253fa160b9f6951307a8,3EqhKrhwSLkgoGjHUomkAKqfmWqKPL5Pwn,2023-04-07 19:04:04
77,4436,399000,323f3a70d928ade1eec2a3c8b47dcb35278ad41ea573253fa160b9f6951307a8,1FKg4fBg45bxdcASmiK4Xc77sNgJCA1HbR,2023-04-07 19:04:04
78,4437,13800000000,323f3a70d928ade1eec2a3c8b47dcb35278ad41ea573253fa160b9f6951307a8,bc1q37ew29yf9d5t2g6fpzy79fmj2msnpsgts4gcsh,2023-04-07 19:04:04
79,4438,16280880,323f3a70d928ade1eec2a3c8b47dcb35278ad41ea573253fa160b9f6951307a8,3HBGGCf5u6gjHASNC2uwjVPcLFv47cmTme,2023-04-07 19:04:04
80,4439,6793000,323f3a70d928ade1eec2a3c8b47dcb35278ad41ea573253fa160b9f6951307a8,bc1qpw2feqvaf4ngfu68szfasppru5yfkyx7pnh6p0,2023-04-07 19:04:04
81,4440,731000,323f3a70d928ade1eec2a3c8b47dcb35278ad41ea573253fa160b9f6951307a8,bc1qdq2uwg8aasf5ejue3z3d7n44u9cvwl6pz075j8,2023-04-07 19:04:04
82,4441,716531,323f3a70d928ade1eec2a3c8b47dcb35278ad41ea573253fa160b9f6951307a8,3NAHuR1R6MujdDwesYX68iroDbJJX56hr2,2023-04-07 19:04:04
83,4442,5705341,323f3a70d928ade1eec2a3c8b47dcb35278ad41ea573253fa160b9f6951307a8,3J4L5WKmHA8EYv4XiC2CDSYMxn598XjFeF,2023-04-07 19:04:04
84,4443,1433000,323f3a70d928ade1eec2a3c8b47dcb35278ad41ea573253fa160b9f6951307a8,1FhTyZLCY2a2LdKBiB27BsVc6KuqsYCDKk,2023-04-07 19:04:04
85,4444,590000,323f3a70d928ade1eec2a3c8b47dcb35278ad41ea573253fa160b9f6951307a8,bc1qq38tq67al9jpl9jpykhhfsjtapfqmufdyjt28u,2023-04-07 19:04:04
86,4445,1239978,323f3a70d928ade1eec2a3c8b47dcb35278ad41ea573253fa160b9f6951307a8,1JM4nQCYcJsYKHEmdXoPY2tFBQHaEwcFjL,2023-04-07 19:04:04
87,4446,6003648315,323f3a70d928ade1eec2a3c8b47dcb35278ad41ea573253fa160b9f6951307a8,bc1qmla84rl0zrj9jkpdf42ysml8x0chs026puh9m6ms7plswx4prexqz7mmvq,2023-04-07 19:04:04
88,4295,60000,5b066f162d3508318bcff8d95c357bc13cf29044013173b99220b1d7cc8e2304,3NU8JgMDSm5gpMh8Bgy4g9Q4S8uqZve1zd,2023-04-07 00:52:13
89,4296,2026000,5b066f162d3508318bcff8d95c357bc13cf29044013173b99220b1d7cc8e2304,19BquZVHaWK1gZ7TeUCmVTN5hDyPZDheJh,2023-04-07 00:52:13
90,4297,564990,5b066f162d3508318bcff8d95c357bc13cf29044013173b99220b1d7cc8e2304,3QwRmB7sj7xbvTySvqHD9LZK2R347fsW5N,2023-04-07 00:52:13
91,4298,37992000,5b066f162d3508318bcff8d95c357bc13cf29044013173b99220b1d7cc8e2304,bc1pvyp42d5cy76te452mmv2xmcll9u2uj7huq4rhx7m2p3ctkuf2w2qy574d8,2023-04-07 00:52:13
92,4299,550000,5b066f162d3508318bcff8d95c357bc13cf29044013173b99220b1d7cc8e2304,3GkwKsnWVBLSs6TWyamuvjVL5ic117CaFW,2023-04-07 00:52:13
93,4300,68000,5b066f162d3508318bcff8d95c357bc13cf29044013173b99220b1d7cc8e2304,bc1q2el7n8rvug7ny42x6m5cnehnqxzuhevwnw6852,2023-04-07 00:52:13
94,4301,336000,5b066f162d3508318bcff8d95c357bc13cf29044013173b99220b1d7cc8e2304,1DmPkeUuAYFyMTeMUpGK3mf7DP5qwPGXHQ,2023-04-07 00:52:13
95,4302,364000,5b066f162d3508318bcff8d95c357bc13cf29044013173b99220b1d7cc8e2304,3FsKmV3hMxn63QhiSiRy41HSQRf4fdT4XS,2023-04-07 00:52:13
96,4303,3740861,5b066f162d3508318bcff8d95c357bc13cf29044013173b99220b1d7cc8e2304,1PxNVhBCTNiX1NhqTtwjffcCY7A14xZLT9,2023-04-07 00:52:13
97,4304,2599000,5b066f162d3508318bcff8d95c357bc13cf29044013173b99220b1d7cc8e2304,3De8VJE7ocNDbjBJbpXpHax9ALtfjdVE2P,2023-04-07 00:52:13
98,4305,8225000,5b066f162d3508318bcff8d95c357bc13cf29044013173b99220b1d7cc8e2304,bc1q94rxamkgfgq07lxh79z7tyrlnuhmkg8f7y243h,2023-04-07 00:52:13
99,4306,390000,5b066f162d3508318bcff8d95c357bc13cf29044013173b99220b1d7cc8e2304,3NcHADUL561tBBVc9SFQMCnazpS6F3FnJE,2023-04-07 00:52:13
100,4307,117000,5b066f162d3508318bcff8d95c357bc13cf29044013173b99220b1d7cc8e2304,bc1q0l36mrfvcdlkxg2gy30msyvrjnqydaax8xzah7,2023-04-07 00:52:13
101,4308,378000,5b066f162d3508318bcff8d95c357bc13cf29044013173b99220b1d7cc8e2304,bc1qa4jpyzljenlthk54qqkqtuz5hw4tkkwcp4qk99lw0qkv3e8xfyksx0gjh9,2023-04-07 00:52:13
102,4309,541000,5b066f162d3508318bcff8d95c357bc13cf29044013173b99220b1d7cc8e2304,3CjGCoeu6YUjSmTHPZDxjr7Pu3ToJuH5jj,2023-04-07 00:52:13
103,4310,133000,5b066f162d3508318bcff8d95c357bc13cf29044013173b99220b1d7cc8e2304,bc1q4kpklt2qek09cr746ftkagnaeu8tr3phl4jkhw,2023-04-07 00:52:13
104,4311,404000,5b066f162d3508318bcff8d95c357bc13cf29044013173b99220b1d7cc8e2304,383rL7rnSKZt8viUE8JWagns66kFJY9NZT,2023-04-07 00:52:13
105,4312,77287000,5b066f162d3508318bcff8d95c357bc13cf29044013173b99220b1d7cc8e2304,bc1qrdt4us0ph32c50sn6g7g0newmkvhnppwyn2j67,2023-04-07 00:52:13
106,4313,27690252428,5b066f162d3508318bcff8d95c357bc13cf29044013173b99220b1d7cc8e2304,bc1qdsh5vrjalxv465jeqauu8t933htkcxgku24gg9a8tf9pkm6fh3vqfmpt6e,2023-04-07 00:52:13
107,4328,337000,6423eb2def8926c5737edcd68700cfa6361dbcb985a49de829e04533558d1108,bc1qqr0fk6s802cwmuvk2alzcf7555efu06kx9k5tj,2023-04-07 03:44:55
108,4329,183000,6423eb2def8926c5737edcd68700cfa6361dbcb985a49de829e04533558d1108,3HurM8SndsfbwjAvigg2my31DdLvTrhFqi,2023-04-07 03:44:55
109,4330,174000,6423eb2def8926c5737edcd68700cfa6361dbcb985a49de829e04533558d1108,3AkqLEdMM15qfSMEgVfMU1XtV6tpogAYM3,2023-04-07 03:44:55
110,4331,810000,6423eb2def8926c5737edcd68700cfa6361dbcb985a49de829e04533558d1108,3Af2FGK7K8qxKqG7NVhdvgyaQ3fo8dTMd5,2023-04-07 03:44:55
111,4332,259000,6423eb2def8926c5737edcd68700cfa6361dbcb985a49de829e04533558d1108,34rm5o1rMTFxZqcy3quSb5x9xfNuDBwc9Q,2023-04-07 03:44:55
112,4333,29999000,6423eb2def8926c5737edcd68700cfa6361dbcb985a49de829e04533558d1108,346aEU8CDT36q2GqPi5Cf1JAwerd1V545r,2023-04-07 03:44:55
113,4334,518000,6423eb2def8926c5737edcd68700cfa6361dbcb985a49de829e04533558d1108,bc1qvnky32zueyjm0rsvvhald3x0mlujw292pq9gq9,2023-04-07 03:44:55
114,4335,128000,6423eb2def8926c5737edcd68700cfa6361dbcb985a49de829e04533558d1108,33HK9M1KQD5QrqTTRKzoVpgtEQHgKGpnmB,2023-04-07 03:44:55
115,4336,13919316,6423eb2def8926c5737edcd68700cfa6361dbcb985a49de829e04533558d1108,bc1qkq6wpckejzcxyjpnj6srmavxkjuj0sngtxm4u6,2023-04-07 03:44:55
116,4337,383000,6423eb2def8926c5737edcd68700cfa6361dbcb985a49de829e04533558d1108,bc1q3eyapy9ufpmkj2kep0tsrs3pa92ehk57nketvv,2023-04-07 03:44:55
117,4338,26245709891,6423eb2def8926c5737edcd68700cfa6361dbcb985a49de829e04533558d1108,bc1qxzag0d7lyf4le5njg95z2pxrg4x8xqash48y2t6s5kfjwf3tzunsj7yhcu,2023-04-07 03:44:55
118,4447,13670189800,6961ff348f6a83d7d2bdee4c780da0a150ea9b6497bc8d80046a82276c9d53d2,bc1qnglum7n643auhys7at35sytkpr2t4p6wgk5w9v,2023-04-07 19:24:25
119,4448,129807134,6961ff348f6a83d7d2bdee4c780da0a150ea9b6497bc8d80046a82276c9d53d2,bc1qj84uhczk0h52tgscq3ujdyh75kxvr6t6nd8636,2023-04-07 19:24:25
120,4355,69000,a9b85dcbd39ff26bdea8dbd43e3cc1c9f3146cfa18a0db3de76f030d86692d9b,bc1qnfz77nzyezups694ycq76wq8guynnulfc5h5za,2023-04-07 15:45:23
121,4356,49676000,a9b85dcbd39ff26bdea8dbd43e3cc1c9f3146cfa18a0db3de76f030d86692d9b,bc1qfp8r0fpext7a0d449s7v5ex86e55etz38f36x8,2023-04-07 15:45:23
122,4357,1753000,a9b85dcbd39ff26bdea8dbd43e3cc1c9f3146cfa18a0db3de76f030d86692d9b,bc1qhdj44gdhnc2rgxw87653sykl73sw7txqclqdaf,2023-04-07 15:45:23
123,4358,6136000,a9b85dcbd39ff26bdea8dbd43e3cc1c9f3146cfa18a0db3de76f030d86692d9b,bc1qax4yrmkeaw8e30cvra3psa23anj5d8n0xc5dqh,2023-04-07 15:45:23
124,4359,57000,a9b85dcbd39ff26bdea8dbd43e3cc1c9f3146cfa18a0db3de76f030d86692d9b,bc1qpyyfusppy5ll0p35mv2zlzgzaccz7t3jx9cqm4,2023-04-07 15:45:23
125,4360,5804000,a9b85dcbd39ff26bdea8dbd43e3cc1c9f3146cfa18a0db3de76f030d86692d9b,bc1q4zupq0hj3fwptv9pn74tc9tvcm86x68zlrtrn0,2023-04-07 15:45:23
126,4361,66000,a9b85dcbd39ff26bdea8dbd43e3cc1c9f3146cfa18a0db3de76f030d86692d9b,bc1qpzmx4nlsz3zyr4y279eewe8qquv4k0a39pug2y,2023-04-07 15:45:23
127,4362,11484000,a9b85dcbd39ff26bdea8dbd43e3cc1c9f3146cfa18a0db3de76f030d86692d9b,bc1qtxx6r6hm8rm330h7vcups3l0jdr4s87pptxldy,2023-04-07 15:45:23
128,4363,3745000,a9b85dcbd39ff26bdea8dbd43e3cc1c9f3146cfa18a0db3de76f030d86692d9b,127ojpXyTs92vNGh2pjRaot8fPeCuHiJPv,2023-04-07 15:45:23
129,4364,1303000,a9b85dcbd39ff26bdea8dbd43e3cc1c9f3146cfa18a0db3de76f030d86692d9b,bc1qtdq88jl7ujgxrz63wnkug6teet02e90ycn5488,2023-04-07 15:45:23
130,4365,157000,a9b85dcbd39ff26bdea8dbd43e3cc1c9f3146cfa18a0db3de76f030d86692d9b,bc1qdlxk7kasvnsl855uc2e7x68q35d4254vjj8fxt,2023-04-07 15:45:23
131,4366,1321000,a9b85dcbd39ff26bdea8dbd43e3cc1c9f3146cfa18a0db3de76f030d86692d9b,3BH7btwfxWYHsbvmtoqCSYAn5xXyMtVVi5,2023-04-07 15:45:23
132,4367,55000,a9b85dcbd39ff26bdea8dbd43e3cc1c9f3146cfa18a0db3de76f030d86692d9b,3NdfdDxtKb4aWRZjudVZbU2QB34E8FinPL,2023-04-07 15:45:23
133,4368,771000,a9b85dcbd39ff26bdea8dbd43e3cc1c9f3146cfa18a0db3de76f030d86692d9b,382cxVZJ6vnR5LVYimjM6SEyrACHETFdb1,2023-04-07 15:45:23
134,4369,28764500,a9b85dcbd39ff26bdea8dbd43e3cc1c9f3146cfa18a0db3de76f030d86692d9b,3FXoh4pTsMaM4RE42hGv8DgztywpNjjbWT,2023-04-07 15:45:23
135,4370,510000,a9b85dcbd39ff26bdea8dbd43e3cc1c9f3146cfa18a0db3de76f030d86692d9b,bc1qexvjlql0nqq6fa67l4qctswwqyshl5rk29qwc3,2023-04-07 15:45:23
136,4371,19999000,a9b85dcbd39ff26bdea8dbd43e3cc1c9f3146cfa18a0db3de76f030d86692d9b,bc1q0e964mfp5knn809uzdjn88tglrpgr4r0tg9yeu,2023-04-07 15:45:23
137,4372,20451000,a9b85dcbd39ff26bdea8dbd43e3cc1c9f3146cfa18a0db3de76f030d86692d9b,bc1q5lp36r3lct5wfe73px7jctjwhn2h6tf57n262q,2023-04-07 15:45:23
138,4373,124000,a9b85dcbd39ff26bdea8dbd43e3cc1c9f3146cfa18a0db3de76f030d86692d9b,3KWQCDtKFkNMU5WQmzarfTBm58M96JPw1n,2023-04-07 15:45:23
139,4374,5367000,a9b85dcbd39ff26bdea8dbd43e3cc1c9f3146cfa18a0db3de76f030d86692d9b,3QmCGnTNFgH5RHSs7uCUmssfcKoCHE7ZSS,2023-04-07 15:45:23
140,4375,99000,a9b85dcbd39ff26bdea8dbd43e3cc1c9f3146cfa18a0db3de76f030d86692d9b,3NES26EPwhQg4BkEceYWgRUYnyRuWQ3Jdt,2023-04-07 15:45:23
141,4376,3999000,a9b85dcbd39ff26bdea8dbd43e3cc1c9f3146cfa18a0db3de76f030d86692d9b,3DLtSzggnijVgYgguAArSUoSoHbinfrJfU,2023-04-07 15:45:23
142,4377,96000,a9b85dcbd39ff26bdea8dbd43e3cc1c9f3146cfa18a0db3de76f030d86692d9b,bc1qutn4f2p30ev5t8vcnkgp6kx766ts0ym2vzrmmd,2023-04-07 15:45:23
143,4378,23505454025,a9b85dcbd39ff26bdea8dbd43e3cc1c9f3146cfa18a0db3de76f030d86692d9b,bc1qfusepe5w7gn7l2e0pe8u9rpc8w4vth9ksttxe7m8msszhl4m5zuq2ruv2x,2023-04-07 15:45:23
144,4314,336000,b092ef45288487a4e3c71332613f070a5d82ee5363e9e1599cef1f79a4de1d3f,bc1qcxrqyxmxc3zvqzd752lsmqlh709e6h5j6f5sge,2023-04-07 01:57:06
145,4315,425000,b092ef45288487a4e3c71332613f070a5d82ee5363e9e1599cef1f79a4de1d3f,bc1qcxggl3jv8r6m2zgghkuwhrpka3rlaevlct9xun,2023-04-07 01:57:06
146,4316,108000,b092ef45288487a4e3c71332613f070a5d82ee5363e9e1599cef1f79a4de1d3f,14JvEa2wdCTCWrEozAKbUTBjvKLeuQ5YkD,2023-04-07 01:57:06
147,4317,505000,b092ef45288487a4e3c71332613f070a5d82ee5363e9e1599cef1f79a4de1d3f,36aiPJCYijQ7fxk6zTEf7YEdSrdJvNdXRD,2023-04-07 01:57:06
148,4318,127000,b092ef45288487a4e3c71332613f070a5d82ee5363e9e1599cef1f79a4de1d3f,bc1qgm635nl5g6jzkpw7l33tckjkaaeuf76hng80y7,2023-04-07 01:57:06
149,4319,1079000,b092ef45288487a4e3c71332613f070a5d82ee5363e9e1599cef1f79a4de1d3f,1QJtj1YJ3FWqTM7gTg8tAmoZtbBj3tCTCy,2023-04-07 01:57:06
150,4320,527000,b092ef45288487a4e3c71332613f070a5d82ee5363e9e1599cef1f79a4de1d3f,391zs89QwGtix9c4Z6vmkCYNyRkuqWCp5z,2023-04-07 01:57:06
151,4321,9999000,b092ef45288487a4e3c71332613f070a5d82ee5363e9e1599cef1f79a4de1d3f,3PUYuwgHGNoEcX6MaefD9MFykdDwMk3gAb,2023-04-07 01:57:06
152,4322,112965,b092ef45288487a4e3c71332613f070a5d82ee5363e9e1599cef1f79a4de1d3f,36bsMubVtd7nLZghWKCbbEr9Aph1wiPRcs,2023-04-07 01:57:06
153,4323,379000,b092ef45288487a4e3c71332613f070a5d82ee5363e9e1599cef1f79a4de1d3f,3AgvF9tzfycFDHPVRRtZe6bVQNwZBsdV7E,2023-04-07 01:57:06
154,4324,67000,b092ef45288487a4e3c71332613f070a5d82ee5363e9e1599cef1f79a4de1d3f,bc1qs6jkd8kpwf2pe4rmdx9689qnwgu5x0ccq3zaw7,2023-04-07 01:57:06
155,4325,2399999000,b092ef45288487a4e3c71332613f070a5d82ee5363e9e1599cef1f79a4de1d3f,1GyWDyuSS4S7DmkMyfsp8VL5fgrvcMCQDZ,2023-04-07 01:57:06
156,4326,1477750,b092ef45288487a4e3c71332613f070a5d82ee5363e9e1599cef1f79a4de1d3f,394xuQqWbL8mCjZ18fiSMt7k7yGBa67jxL,2023-04-07 01:57:06
157,4327,26292429687,b092ef45288487a4e3c71332613f070a5d82ee5363e9e1599cef1f79a4de1d3f,bc1qau76ewe99ufkaurkmxup2e9fu7flurtnmkert4zs8mdfc67pfumqwrvz4t,2023-04-07 01:57:06
158,4406,1865000,c8e7b7461213f46530aaf7b8f0cf3a4bdc10fe0f6ca127376d5e0462580b2174,bc1qdfqfpema8nglp55atj7zshgkwzmp6c04tth5zc,2023-04-07 17:58:59
159,4407,144000,c8e7b7461213f46530aaf7b8f0cf3a4bdc10fe0f6ca127376d5e0462580b2174,bc1qqmgdw5chq8hmc6pcrzx42tyz9t96lsysjf93j2,2023-04-07 17:58:59
160,4408,374864000,c8e7b7461213f46530aaf7b8f0cf3a4bdc10fe0f6ca127376d5e0462580b2174,3HVn6LtjLUCTEk6EfG9sCzJD6B9W3xkMqi,2023-04-07 17:58:59
161,4409,109000,c8e7b7461213f46530aaf7b8f0cf3a4bdc10fe0f6ca127376d5e0462580b2174,1AYEyBPjGLBwg8ayew1qKG2EgZYcQe6yYb,2023-04-07 17:58:59
162,4410,52716,c8e7b7461213f46530aaf7b8f0cf3a4bdc10fe0f6ca127376d5e0462580b2174,3QrZwKXFNLqbMrvcnhPNq1EdLaK6Mnvix1,2023-04-07 17:58:59
163,4411,6441000,c8e7b7461213f46530aaf7b8f0cf3a4bdc10fe0f6ca127376d5e0462580b2174,1KKPtNrFQz4JNwnH26PxD5BskDyaAZf3Qj,2023-04-07 17:58:59
164,4412,1067000,c8e7b7461213f46530aaf7b8f0cf3a4bdc10fe0f6ca127376d5e0462580b2174,bc1qpafn0glpur9gaeupklwkusw7mupaq6yfum82rg,2023-04-07 17:58:59
165,4413,109998,c8e7b7461213f46530aaf7b8f0cf3a4bdc10fe0f6ca127376d5e0462580b2174,3HWR3e4H6V2f4j8uXPMGXBtKqduN6Vzama,2023-04-07 17:58:59
166,4414,739000,c8e7b7461213f46530aaf7b8f0cf3a4bdc10fe0f6ca127376d5e0462580b2174,3BSHaQEthVKrUmN3EyunMz3kJeNxcSiQ4j,2023-04-07 17:58:59
167,4415,768565,c8e7b7461213f46530aaf7b8f0cf3a4bdc10fe0f6ca127376d5e0462580b2174,3JHgoNLMS5AKHKXCMkFz5bDEiQ13wbEwng,2023-04-07 17:58:59
168,4416,38677485,c8e7b7461213f46530aaf7b8f0cf3a4bdc10fe0f6ca127376d5e0462580b2174,bc1qr7thfcnfjwcvf4n59cxll4hswg4x89d9pvd945,2023-04-07 17:58:59
169,4417,64058,c8e7b7461213f46530aaf7b8f0cf3a4bdc10fe0f6ca127376d5e0462580b2174,bc1q4pkcz793ny4ytttgwvev22dusdc3rrn6nhqrq5,2023-04-07 17:58:59
170,4418,3738000,c8e7b7461213f46530aaf7b8f0cf3a4bdc10fe0f6ca127376d5e0462580b2174,1PENxrSDhQo4LL6v6QpXVFRXVbXj26uSS7,2023-04-07 17:58:59
171,4419,91000,c8e7b7461213f46530aaf7b8f0cf3a4bdc10fe0f6ca127376d5e0462580b2174,bc1qtuhzddmqzqnzplnyay0f3p7ju7h3x2d7n3v3gw,2023-04-07 17:58:59
172,4420,722300,c8e7b7461213f46530aaf7b8f0cf3a4bdc10fe0f6ca127376d5e0462580b2174,bc1qezqxtcg58ya74dsvq7k4d50vguv52dm40tl0v9,2023-04-07 17:58:59
173,4421,65000,c8e7b7461213f46530aaf7b8f0cf3a4bdc10fe0f6ca127376d5e0462580b2174,bc1qc3a4su5fjlqk792ldhcgczqa7p2qm8ezsa60yf,2023-04-07 17:58:59
174,4422,2163000,c8e7b7461213f46530aaf7b8f0cf3a4bdc10fe0f6ca127376d5e0462580b2174,bc1q9tex36nhefvrpzsnz8mhycuuzlmu9vjtm27q4x,2023-04-07 17:58:59
175,4423,677000,c8e7b7461213f46530aaf7b8f0cf3a4bdc10fe0f6ca127376d5e0462580b2174,bc1qt288n80eq294ffahnuzkxuq998mnv8dyg5mvwq,2023-04-07 17:58:59
176,4424,78000,c8e7b7461213f46530aaf7b8f0cf3a4bdc10fe0f6ca127376d5e0462580b2174,bc1qwtp8amz0m0ep5wqzgw2gmazyvhxrajxwrtnyj0,2023-04-07 17:58:59
177,4425,8551500,c8e7b7461213f46530aaf7b8f0cf3a4bdc10fe0f6ca127376d5e0462580b2174,1J56mjHiDMgCb3dNpiLQVNiYiyDan7JNnJ,2023-04-07 17:58:59
178,4426,20012136062,c8e7b7461213f46530aaf7b8f0cf3a4bdc10fe0f6ca127376d5e0462580b2174,bc1q7edgq0sc3mu98503vu59ec7qxm6zynz6zvhruk4427yzphflqt4qyfh6tr,2023-04-07 17:58:59
179,4339,26245695355,d3003a90ba0116f176f0906516ae3913635ba321c02928808ac32e2e8d684cc0,bc1q56d2yaavh24fhffkwr9r50wt6zjm8pzqt9he9dxdmjt6th6x84lq555xqe,2023-04-07 04:30:17
180,4340,2549277000,e5dcfc830e79b146ce90037fdd0685243f00849de9ab89e40e66a7fbc039143c,bc1qcfavd0z0fuc63mah082ra5vu9fll8alq04nmj9,2023-04-07 13:24:34
181,4341,1681000,e5dcfc830e79b146ce90037fdd0685243f00849de9ab89e40e66a7fbc039143c,3BhM396P62CoUTZL2ag19AybCAGKZKEhoP,2023-04-07 13:24:34
182,4342,165000,e5dcfc830e79b146ce90037fdd0685243f00849de9ab89e40e66a7fbc039143c,bc1q3cmfv4wvtgj4da038rmz3ykyts6vflxldurylp,2023-04-07 13:24:34
183,4343,1190081,e5dcfc830e79b146ce90037fdd0685243f00849de9ab89e40e66a7fbc039143c,1MbM1LHwbhye5qH7bVLTv7kEkivPxsXD9o,2023-04-07 13:24:34
184,4344,3484000,e5dcfc830e79b146ce90037fdd0685243f00849de9ab89e40e66a7fbc039143c,bc1qsdye02u65ct253jyguwr33xm6regawz02z5v96,2023-04-07 13:24:34
185,4345,17524000,e5dcfc830e79b146ce90037fdd0685243f00849de9ab89e40e66a7fbc039143c,bc1qsvlkdhh4hu68mqfvcy5h9xhgp8ahwlr6wx0u5t,2023-04-07 13:24:34
186,4346,51000,e5dcfc830e79b146ce90037fdd0685243f00849de9ab89e40e66a7fbc039143c,bc1qda5lw22zygz75ptzy6yy3kegj2nxjqt72stz5z,2023-04-07 13:24:34
187,4347,1389000,e5dcfc830e79b146ce90037fdd0685243f00849de9ab89e40e66a7fbc039143c,39wgdNWTqFhaHwHJmC9ACwGFFg4R38giKN,2023-04-07 13:24:34
188,4348,1220000,e5dcfc830e79b146ce90037fdd0685243f00849de9ab89e40e66a7fbc039143c,3GJG8CDcBELrtx5fGSBoHAY9DqRHpiH2t1,2023-04-07 13:24:34
189,4349,75000,e5dcfc830e79b146ce90037fdd0685243f00849de9ab89e40e66a7fbc039143c,bc1q7z9snryj7dcwfad42mdgu8ywn0630ql63tflrv,2023-04-07 13:24:34
190,4350,69000,e5dcfc830e79b146ce90037fdd0685243f00849de9ab89e40e66a7fbc039143c,bc1qqzc5f25cvjrjmgvf9tqhay889l2e6ua89hk4ql,2023-04-07 13:24:34
191,4351,267478,e5dcfc830e79b146ce90037fdd0685243f00849de9ab89e40e66a7fbc039143c,1K6ztz6ke8XCUFmXNAsKa2mefyBTy79FV8,2023-04-07 13:24:34
192,4352,1951000,e5dcfc830e79b146ce90037fdd0685243f00849de9ab89e40e66a7fbc039143c,bc1qe4zzypu5tryenr6fysy9pavytrjc62hw3zgrcr,2023-04-07 13:24:34
193,4353,49744,e5dcfc830e79b146ce90037fdd0685243f00849de9ab89e40e66a7fbc039143c,32hnFwQVnaq49fsLpBxLJ5tSFDTw37FRkD,2023-04-07 13:24:34
194,4354,23667288749,e5dcfc830e79b146ce90037fdd0685243f00849de9ab89e40e66a7fbc039143c,bc1qcs9frq7swp3q0n6jkw06uyn098arah9wpsed2kz53z3kmapgdazs3fk0zl,2023-04-07 13:24:34
195,4379,1317000,fbca51f435657bd347ef37a369698140b3afa0072630b707a24fe743b3a7ea1e,3555Zb8Bx6grSXyNicY7TQL4DUS3vtRDu9,2023-04-07 17:09:38
196,4380,401438,fbca51f435657bd347ef37a369698140b3afa0072630b707a24fe743b3a7ea1e,1ChrtfSubRNcdmaZv9Z7jrUUkkccKU8UpM,2023-04-07 17:09:38
197,4381,889468,fbca51f435657bd347ef37a369698140b3afa0072630b707a24fe743b3a7ea1e,bc1q4fpcnej37yl07s73hpkgecv8w5v2rmww2p2zd7,2023-04-07 17:09:38
198,4382,5261000,fbca51f435657bd347ef37a369698140b3afa0072630b707a24fe743b3a7ea1e,35QKcH6zuNsnFaauF1YLVhRDfNoH1PVpRe,2023-04-07 17:09:38
199,4383,27000000,fbca51f435657bd347ef37a369698140b3afa0072630b707a24fe743b3a7ea1e,bc1qv73hqyy69y9thjw0zrxh698l6aystmrj2f84fe,2023-04-07 17:09:38
200,4384,3337000,fbca51f435657bd347ef37a369698140b3afa0072630b707a24fe743b3a7ea1e,1FEBcCZdqgbMUBkQgKwiTdmaTzYF5Hsmjn,2023-04-07 17:09:38
201,4385,66000,fbca51f435657bd347ef37a369698140b3afa0072630b707a24fe743b3a7ea1e,bc1qhc30c6hc3fsv5pc2sn0kuw94m9x4uj4mrm45zd,2023-04-07 17:09:38
202,4386,42219000,fbca51f435657bd347ef37a369698140b3afa0072630b707a24fe743b3a7ea1e,bc1qdd8dmdr8v7p3k9slc70g0ty7mjlv64gfc4jweu,2023-04-07 17:09:38
203,4387,52170000,fbca51f435657bd347ef37a369698140b3afa0072630b707a24fe743b3a7ea1e,1AznLcCxqsf3LJaYqJ2smLztTjztpqA1sv,2023-04-07 17:09:38
204,4388,779000,fbca51f435657bd347ef37a369698140b3afa0072630b707a24fe743b3a7ea1e,bc1qz3cucugj765x7zutc6w9xx4wxx87m5tmtkkuee,2023-04-07 17:09:38
205,4389,7615000,fbca51f435657bd347ef37a369698140b3afa0072630b707a24fe743b3a7ea1e,166bKMbBrtNYHPchHvTPmWF7eEmBhsU6Ut,2023-04-07 17:09:38
206,4390,370111,fbca51f435657bd347ef37a369698140b3afa0072630b707a24fe743b3a7ea1e,368Zifh835QhQaBWcVvtCrUXjhQuEXjEQo,2023-04-07 17:09:38
207,4391,7499000,fbca51f435657bd347ef37a369698140b3afa0072630b707a24fe743b3a7ea1e,39cNwskdsQcnBfYRTSE6ZXVYkb4C4qeDU1,2023-04-07 17:09:38
208,4392,253000,fbca51f435657bd347ef37a369698140b3afa0072630b707a24fe743b3a7ea1e,37v1boiffJtJtMpUVTBnsnb2kn96P8fkDc,2023-04-07 17:09:38
209,4393,2549200000,fbca51f435657bd347ef37a369698140b3afa0072630b707a24fe743b3a7ea1e,bc1qcfavd0z0fuc63mah082ra5vu9fll8alq04nmj9,2023-04-07 17:09:38
210,4394,52310525,fbca51f435657bd347ef37a369698140b3afa0072630b707a24fe743b3a7ea1e,bc1qfvd3yvduqgg4r8sdxw0taktpdz0wp6p3h94zqu,2023-04-07 17:09:38
211,4395,20533000,fbca51f435657bd347ef37a369698140b3afa0072630b707a24fe743b3a7ea1e,bc1qdd8dmdr8v7p3k9slc70g0ty7mjlv64gfc4jweu,2023-04-07 17:09:38
212,4396,1276000,fbca51f435657bd347ef37a369698140b3afa0072630b707a24fe743b3a7ea1e,bc1qq7un989xqn6yz6vevvsknn0z80hevsn8mt7d6a,2023-04-07 17:09:38
213,4397,70662,fbca51f435657bd347ef37a369698140b3afa0072630b707a24fe743b3a7ea1e,1zz2zpDxtyXRQ5Le3KVW4QxxJoYaC474g,2023-04-07 17:09:38
214,4398,3576000,fbca51f435657bd347ef37a369698140b3afa0072630b707a24fe743b3a7ea1e,1NTp4ztBfg5kZYcYagqVE6wtAqPWcboPbA,2023-04-07 17:09:38
215,4399,196098,fbca51f435657bd347ef37a369698140b3afa0072630b707a24fe743b3a7ea1e,bc1qn4cnr60z0uc4lk858mdl3ejzu9mvg0uy2e9gs6,2023-04-07 17:09:38
216,4400,3582000,fbca51f435657bd347ef37a369698140b3afa0072630b707a24fe743b3a7ea1e,bc1qsdrh3py3374v0h5fr6cnj5gs5f8j0e4d2fp4ka,2023-04-07 17:09:38
217,4401,124460,fbca51f435657bd347ef37a369698140b3afa0072630b707a24fe743b3a7ea1e,12bvXv3ovRRpgT52r4pmuX17AqK7HMHtrC,2023-04-07 17:09:38
218,4402,930580,fbca51f435657bd347ef37a369698140b3afa0072630b707a24fe743b3a7ea1e,3GCiHfM55e3otg5UZV8vchsaHAvKTJXaFA,2023-04-07 17:09:38
219,4403,176479000,fbca51f435657bd347ef37a369698140b3afa0072630b707a24fe743b3a7ea1e,bc1q8wnwzc877dtzeks4usp5gf3kjfy7sychx5rqc3,2023-04-07 17:09:38
220,4404,94834000,fbca51f435657bd347ef37a369698140b3afa0072630b707a24fe743b3a7ea1e,bc1qlk5hezeuzlgy2neghq3sfc3y2cfmruf6dtrd36,2023-04-07 17:09:38
221,4405,20453142764,fbca51f435657bd347ef37a369698140b3afa0072630b707a24fe743b3a7ea1e,bc1q9yhmkypw0a0fvwhg232wkcuhs9vtq2ga4xfgusf6x02xnqj9d5rs7f8uxs,2023-04-07 17:09:38
