,id,address,hash,fee,tx_index,time
0,239,tx_source,1064e804527cefcadda01b4308d8fef1b817d609c260fe1cb6d397d2d7b2a31d,164936,1042845355627258,2023-04-07 00:11:11
1,140,bc1qesjkw9r8mq0n3pk7p7amsfz9mdjpg2kn9yl2v9,150fb44378c692db3f639ad4fb029789094685a1ae0023d1c878fd9c65ae4a7d,16229,4408310622298031,2023-04-06 09:16:40
2,238,tx_source,150fb44378c692db3f639ad4fb029789094685a1ae0023d1c878fd9c65ae4a7d,16229,4408310622298031,2023-04-06 09:16:40
3,248,tx_source,323f3a70d928ade1eec2a3c8b47dcb35278ad41ea573253fa160b9f6951307a8,18336,5911947098642220,2023-04-07 19:04:04
4,240,tx_source,5b066f162d3508318bcff8d95c357bc13cf29044013173b99220b1d7cc8e2304,164565,145624516982308,2023-04-07 00:52:13
5,242,tx_source,6423eb2def8926c5737edcd68700cfa6361dbcb985a49de829e04533558d1108,9480,283887316396220,2023-04-07 03:44:55
6,249,tx_source,6961ff348f6a83d7d2bdee4c780da0a150ea9b6497bc8d80046a82276c9d53d2,3066,7400210087342157,2023-04-07 19:24:25
7,245,tx_source,a9b85dcbd39ff26bdea8dbd43e3cc1c9f3146cfa18a0db3de76f030d86692d9b,28224,5459819079245933,2023-04-07 15:45:23
8,241,tx_source,b092ef45288487a4e3c71332613f070a5d82ee5363e9e1599cef1f79a4de1d3f,161291,2220720701514749,2023-04-07 01:57:06
9,247,tx_source,c8e7b7461213f46530aaf7b8f0cf3a4bdc10fe0f6ca127376d5e0462580b2174,19080,4085928738701451,2023-04-07 17:58:59
10,243,tx_source,d3003a90ba0116f176f0906516ae3913635ba321c02928808ac32e2e8d684cc0,14536,6765900932171224,2023-04-07 04:30:17
11,244,tx_source,e5dcfc830e79b146ce90037fdd0685243f00849de9ab89e40e66a7fbc039143c,13303,2113842110756076,2023-04-07 13:24:34
12,246,tx_source,fbca51f435657bd347ef37a369698140b3afa0072630b707a24fe743b3a7ea1e,21919,1087781911166185,2023-04-07 17:09:38
