,address,total_received,total_sent,final_balance,hash,first_tx,last_tx,total_transactions
0,372Rnnmzcaw6My5dJCHy2G4jgHtjESpJx6,1103157485,1103157485,0,150fb44378c692db3f639ad4fb029789094685a1ae0023d1c878fd9c65ae4a7d,2022-06-09 14:53:51,2023-04-07 03:19:10,10
1,bc1q7y5e8vnsem3uu239j08ndyqtvuxwc86cy6klyv8eghgurqtphekqmxsv5l,27822472131,27822472131,0,1064e804527cefcadda01b4308d8fef1b817d609c260fe1cb6d397d2d7b2a31d,2023-04-07 00:11:09,2023-04-07 00:52:28,2
2,bc1qdsh5vrjalxv465jeqauu8t933htkcxgku24gg9a8tf9pkm6fh3vqfmpt6e,27690252428,27690252428,0,5b066f162d3508318bcff8d95c357bc13cf29044013173b99220b1d7cc8e2304,2023-04-07 00:52:13,2023-04-07 01:57:06,2
3,bc1qau76ewe99ufkaurkmxup2e9fu7flurtnmkert4zs8mdfc67pfumqwrvz4t,26292434230,26292429687,4543,b092ef45288487a4e3c71332613f070a5d82ee5363e9e1599cef1f79a4de1d3f,2023-04-07 01:57:06,2023-04-07 03:44:55,3
4,bc1qxzag0d7lyf4le5njg95z2pxrg4x8xqash48y2t6s5kfjwf3tzunsj7yhcu,26245709891,26245709891,0,6423eb2def8926c5737edcd68700cfa6361dbcb985a49de829e04533558d1108,2023-04-07 03:44:55,2023-04-07 04:30:17,2
5,bc1q56d2yaavh24fhffkwr9r50wt6zjm8pzqt9he9dxdmjt6th6x84lq555xqe,26245695355,26245695355,0,d3003a90ba0116f176f0906516ae3913635ba321c02928808ac32e2e8d684cc0,2023-04-07 04:30:17,2023-04-07 13:24:34,2
6,bc1qcs9frq7swp3q0n6jkw06uyn098arah9wpsed2kz53z3kmapgdazs3fk0zl,23667288749,23667288749,0,e5dcfc830e79b146ce90037fdd0685243f00849de9ab89e40e66a7fbc039143c,2023-04-07 13:24:34,2023-04-07 15:45:22,2
7,bc1qfusepe5w7gn7l2e0pe8u9rpc8w4vth9ksttxe7m8msszhl4m5zuq2ruv2x,23505454025,23505454025,0,a9b85dcbd39ff26bdea8dbd43e3cc1c9f3146cfa18a0db3de76f030d86692d9b,2023-04-07 15:45:23,2023-04-07 17:09:39,2
8,bc1q9yhmkypw0a0fvwhg232wkcuhs9vtq2ga4xfgusf6x02xnqj9d5rs7f8uxs,20453142764,20453142764,0,fbca51f435657bd347ef37a369698140b3afa0072630b707a24fe743b3a7ea1e,2023-04-07 17:09:39,2023-04-07 17:58:20,2
9,bc1q7edgq0sc3mu98503vu59ec7qxm6zynz6zvhruk4427yzphflqt4qyfh6tr,20012136062,20012136062,0,c8e7b7461213f46530aaf7b8f0cf3a4bdc10fe0f6ca127376d5e0462580b2174,2023-04-07 17:58:20,2023-04-07 19:04:06,2
10,bc1q37ew29yf9d5t2g6fpzy79fmj2msnpsgts4gcsh,13800000000,13800000000,0,323f3a70d928ade1eec2a3c8b47dcb35278ad41ea573253fa160b9f6951307a8,2023-04-07 19:04:05,2023-04-07 19:24:25,2
11,bc1qnglum7n643auhys7at35sytkpr2t4p6wgk5w9v,407192259208,407192259208,0,6961ff348f6a83d7d2bdee4c780da0a150ea9b6497bc8d80046a82276c9d53d2,2023-04-07 19:24:25,2023-04-08 21:03:22,54
